admin_level,name,name1,name2,name3,x_coord,y_coord,adm4_name,adm4_name1,adm4_name2,adm4_name3,adm4_pcode,adm3_name,adm3_name1,adm3_name2,adm3_name3,adm3_pcode,adm2_name,adm2_name1,adm2_name2,adm2_name3,adm2_pcode,adm1_name,adm1_name1,adm1_name2,adm1_name3,adm1_pcode,adm0_name,adm0_name1,adm0_name2,adm0_name3,adm0_pcode,valid_on,valid_to,version,lang,lang1,lang2,lang3,geometry_wkt
0,Tunisie,تونس,,,8.8855815,33.79380644,,,,,,,,,,,,,,,,,,,,,Tunisie,,,,TN,2022-11-15,,v01,fr,ar,,,POINT (8.8855815 33.79380644399998)
1,Centre East,الوسط الشرقي,,,10.63442143,35.28127756,,,,,,,,,,,,,,,,Centre East,الوسط الشرقي,,,TN3,Tunisie,,,,TN,2022-11-15,,v01,fr,ar,,,POINT (10.634421425000028 35.281277554999974)
1,Centre West,الوسط الغربي,,,9.32964394,35.20102963,,,,,,,,,,,,,,,,Centre West,الوسط الغربي,,,TN4,Tunisie,,,,TN,2022-11-15,,v01,fr,ar,,,POINT (9.329643938999993 35.20102963199997)
1,North East,الشمال الشرقي,,,10.36115399,36.67396465,,,,,,,,,,,,,,,,North East,الشمال الشرقي,,,TN1,Tunisie,,,,TN,2022-11-15,,v01,fr,ar,,,POINT (10.361153988000012 36.673964652999985)
1,North West,الشمال الغربي,,,9.04965104,36.31712497,,,,,,,,,,,,,,,,North West,الشمال الغربي,,,TN2,Tunisie,,,,TN,2022-11-15,,v01,fr,ar,,,POINT (9.049651037999979 36.317124965000005)
1,South East,الجنوب الشرقي,,,9.96855556,32.26573441,,,,,,,,,,,,,,,,South East,الجنوب الشرقي,,,TN5,Tunisie,,,,TN,2022-11-15,,v01,fr,ar,,,POINT (9.968555563999985 32.26573441099998)
1,South West,الجنوب الغربي,,,8.52643578,33.65887507,,,,,,,,,,,,,,,,South West,الجنوب الغربي,,,TN6,Tunisie,,,,TN,2022-11-15,,v01,fr,ar,,,POINT (8.526435779999986 33.65887507100001)
2,Tunis,تونس,,,10.21283185,36.81847505,,,,,,,,,,,Tunis,تونس,,,TN11,North East,الشمال الشرقي,,,TN1,Tunisie,,,,TN,2022-11-15,,v01,fr,ar,,,POINT (10.212831844999982 36.81847505000002)
2,Ariana,أريانة,,,10.1219057,36.96825108,,,,,,,,,,,Ariana,أريانة,,,TN12,North East,الشمال الشرقي,,,TN1,Tunisie,,,,TN,2022-11-15,,v01,fr,ar,,,POINT (10.121905701999992 36.968251083999974)
2,Ben Arous,بن عروس,,,10.21086321,36.62956482,,,,,,,,,,,Ben Arous,بن عروس,,,TN13,North East,الشمال الشرقي,,,TN1,Tunisie,,,,TN,2022-11-15,,v01,fr,ar,,,POINT (10.210863210000014 36.629564820999974)
2,Manubah,منوبة,,,9.83035326,36.76581494,,,,,,,,,,,Manubah,منوبة,,,TN14,North East,الشمال الشرقي,,,TN1,Tunisie,,,,TN,2022-11-15,,v01,fr,ar,,,POINT (9.830353257000013 36.765814944)
2,Nabeul,نابل,,,10.67543929,36.69717617,,,,,,,,,,,Nabeul,نابل,,,TN15,North East,الشمال الشرقي,,,TN1,Tunisie,,,,TN,2022-11-15,,v01,fr,ar,,,POINT (10.675439284999982 36.69717616899999)
2,Zaghouan,زغوان,,,10.04690955,36.33172852,,,,,,,,,,,Zaghouan,زغوان,,,TN16,North East,الشمال الشرقي,,,TN1,Tunisie,,,,TN,2022-11-15,,v01,fr,ar,,,POINT (10.046909550999999 36.33172851699999)
2,Bizerte,بنزرت,,,9.6392857,37.03535965,,,,,,,,,,,Bizerte,بنزرت,,,TN17,North East,الشمال الشرقي,,,TN1,Tunisie,,,,TN,2022-11-15,,v01,fr,ar,,,POINT (9.639285701000006 37.03535965200001)
2,Béja,باجة,,,9.20098774,36.7472529,,,,,,,,,,,Béja,باجة,,,TN21,North West,الشمال الغربي,,,TN2,Tunisie,,,,TN,2022-11-15,,v01,fr,ar,,,POINT (9.200987742999985 36.747252903)
2,Jendouba,جندوبة,,,8.75466962,36.68008411,,,,,,,,,,,Jendouba,جندوبة,,,TN22,North West,الشمال الغربي,,,TN2,Tunisie,,,,TN,2022-11-15,,v01,fr,ar,,,POINT (8.75466962500002 36.680084109999996)
2,Le Kef,الكاف,,,8.7242208,36.03401566,,,,,,,,,,,Le Kef,الكاف,,,TN23,North West,الشمال الغربي,,,TN2,Tunisie,,,,TN,2022-11-15,,v01,fr,ar,,,POINT (8.72422080199999 36.034015657)
2,Siliana,سليانـــة,,,9.35412398,35.9687801,,,,,,,,,,,Siliana,سليانـــة,,,TN24,North West,الشمال الغربي,,,TN2,Tunisie,,,,TN,2022-11-15,,v01,fr,ar,,,POINT (9.354123978000018 35.968780095)
2,Sousse,سوسة,,,10.38871982,35.97357404,,,,,,,,,,,Sousse,سوسة,,,TN31,Centre East,الوسط الشرقي,,,TN3,Tunisie,,,,TN,2022-11-15,,v01,fr,ar,,,POINT (10.388719821999985 35.973574041999996)
2,Monastir,المنستير,,,10.7223489,35.60508079,,,,,,,,,,,Monastir,المنستير,,,TN32,Centre East,الوسط الشرقي,,,TN3,Tunisie,,,,TN,2022-11-15,,v01,fr,ar,,,POINT (10.722348894999982 35.60508078700002)
2,Mahdia,المهدية,,,10.60475332,35.34027102,,,,,,,,,,,Mahdia,المهدية,,,TN33,Centre East,الوسط الشرقي,,,TN3,Tunisie,,,,TN,2022-11-15,,v01,fr,ar,,,POINT (10.604753314999982 35.340271022000024)
2,Sfax,صفاقس,,,10.33595332,34.72371646,,,,,,,,,,,Sfax,صفاقس,,,TN34,Centre East,الوسط الشرقي,,,TN3,Tunisie,,,,TN,2022-11-15,,v01,fr,ar,,,POINT (10.335953322000023 34.72371645599998)
2,Kairouan,القيروان,,,9.83432732,35.57932733,,,,,,,,,,,Kairouan,القيروان,,,TN41,Centre West,الوسط الغربي,,,TN4,Tunisie,,,,TN,2022-11-15,,v01,fr,ar,,,POINT (9.834327321999979 35.57932733400003)
2,Kassérine,القصرين,,,8.85757573,35.20927904,,,,,,,,,,,Kassérine,القصرين,,,TN42,Centre West,الوسط الغربي,,,TN4,Tunisie,,,,TN,2022-11-15,,v01,fr,ar,,,POINT (8.857575730000008 35.20927903699999)
2,Sidi Bou Zid,سيدي بوزيد,,,9.52521959,34.88022643,,,,,,,,,,,Sidi Bou Zid,سيدي بوزيد,,,TN43,Centre West,الوسط الغربي,,,TN4,Tunisie,,,,TN,2022-11-15,,v01,fr,ar,,,POINT (9.525219585000002 34.88022642999999)
2,Gabès,قابس,,,9.79405495,33.77585318,,,,,,,,,,,Gabès,قابس,,,TN51,South East,الجنوب الشرقي,,,TN5,Tunisie,,,,TN,2022-11-15,,v01,fr,ar,,,POINT (9.794054949999975 33.77585317699999)
2,Médenine,مدنين,,,11.28533878,32.98965576,,,,,,,,,,,Médenine,مدنين,,,TN52,South East,الجنوب الشرقي,,,TN5,Tunisie,,,,TN,2022-11-15,,v01,fr,ar,,,POINT (11.285338782999986 32.98965575599999)
2,Tataouine,تطاوين,,,9.76834698,31.73819449,,,,,,,,,,,Tataouine,تطاوين,,,TN53,South East,الجنوب الشرقي,,,TN5,Tunisie,,,,TN,2022-11-15,,v01,fr,ar,,,POINT (9.76834697999999 31.738194494000027)
2,Gafsa,قفصة,,,8.79079796,34.43366772,,,,,,,,,,,Gafsa,قفصة,,,TN61,South West,الجنوب الغربي,,,TN6,Tunisie,,,,TN,2022-11-15,,v01,fr,ar,,,POINT (8.790797958999974 34.43366771699999)
2,Tozeur,توزر,,,8.06603777,33.98177177,,,,,,,,,,,Tozeur,توزر,,,TN62,South West,الجنوب الغربي,,,TN6,Tunisie,,,,TN,2022-11-15,,v01,fr,ar,,,POINT (8.066037768000001 33.98177176799999)
2,Kebili,قبلي,,,8.70228029,33.33876139,,,,,,,,,,,Kebili,قبلي,,,TN63,South West,الجنوب الغربي,,,TN6,Tunisie,,,,TN,2022-11-15,,v01,fr,ar,,,POINT (8.702280287000008 33.33876138800002)
3,Carthage,قرطاج,,,10.32781661,36.85703155,,,,,,Carthage,قرطاج,,,TN1151,Tunis,تونس,,,TN11,North East,الشمال الشرقي,,,TN1,Tunisie,,,,TN,2022-11-15,,v01,fr,ar,,,POINT (10.327816611000003 36.85703154800001)
3,Médina,المدينة,,,10.16881647,36.79846664,,,,,,Médina,المدينة,,,TN1152,Tunis,تونس,,,TN11,North East,الشمال الشرقي,,,TN1,Tunisie,,,,TN,2022-11-15,,v01,fr,ar,,,POINT (10.168816473999982 36.79846663799998)
3,Bab Bhar,باب البحر,,,10.19925505,36.80063754,,,,,,Bab Bhar,باب البحر,,,TN1153,Tunis,تونس,,,TN11,North East,الشمال الشرقي,,,TN1,Tunisie,,,,TN,2022-11-15,,v01,fr,ar,,,POINT (10.199255053999991 36.800637542000004)
3,Bab Souika,باب سويقة,,,10.16239327,36.80623513,,,,,,Bab Souika,باب سويقة,,,TN1154,Tunis,تونس,,,TN11,North East,الشمال الشرقي,,,TN1,Tunisie,,,,TN,2022-11-15,,v01,fr,ar,,,POINT (10.162393264999992 36.806235128000026)
3,Omrane,العمران,,,10.15307291,36.82127456,,,,,,Omrane,العمران,,,TN1155,Tunis,تونس,,,TN11,North East,الشمال الشرقي,,,TN1,Tunisie,,,,TN,2022-11-15,,v01,fr,ar,,,POINT (10.153072905999977 36.82127455599999)
3,Omrane Supérieur,العمران الاعلى,,,10.12944936,36.83489219,,,,,,Omrane Supérieur,العمران الاعلى,,,TN1156,Tunis,تونس,,,TN11,North East,الشمال الشرقي,,,TN1,Tunisie,,,,TN,2022-11-15,,v01,fr,ar,,,POINT (10.12944935500002 36.834892188000026)
3,El Tahrir,التحرير,,,10.12682478,36.82708358,,,,,,El Tahrir,التحرير,,,TN1157,Tunis,تونس,,,TN11,North East,الشمال الشرقي,,,TN1,Tunisie,,,,TN,2022-11-15,,v01,fr,ar,,,POINT (10.126824780999982 36.82708358299999)
3,El Menzah,المنزه,,,10.15827642,36.83562303,,,,,,El Menzah,المنزه,,,TN1158,Tunis,تونس,,,TN11,North East,الشمال الشرقي,,,TN1,Tunisie,,,,TN,2022-11-15,,v01,fr,ar,,,POINT (10.158276420999982 36.83562303100001)
3,Cité El Khadra,حي الخضراء,,,10.21884965,36.83718686,,,,,,Cité El Khadra,حي الخضراء,,,TN1159,Tunis,تونس,,,TN11,North East,الشمال الشرقي,,,TN1,Tunisie,,,,TN,2022-11-15,,v01,fr,ar,,,POINT (10.218849649999981 36.837186858999985)
3,Bardo,باردو,,,10.13206574,36.8135025,,,,,,Bardo,باردو,,,TN1160,Tunis,تونس,,,TN11,North East,الشمال الشرقي,,,TN1,Tunisie,,,,TN,2022-11-15,,v01,fr,ar,,,POINT (10.132065739999973 36.813502503999985)
3,Sijoumi,السيجومي,,,10.16578422,36.78647361,,,,,,Sijoumi,السيجومي,,,TN1161,Tunis,تونس,,,TN11,North East,الشمال الشرقي,,,TN1,Tunisie,,,,TN,2022-11-15,,v01,fr,ar,,,POINT (10.165784218999988 36.78647361499998)
3,Ezzouhour,الزهور,,,10.13553522,36.79437867,,,,,,Ezzouhour,الزهور,,,TN1162,Tunis,تونس,,,TN11,North East,الشمال الشرقي,,,TN1,Tunisie,,,,TN,2022-11-15,,v01,fr,ar,,,POINT (10.135535220999998 36.79437866500001)
3,Hrairia,الحرائرية,,,10.06159255,36.78190203,,,,,,Hrairia,الحرائرية,,,TN1163,Tunis,تونس,,,TN11,North East,الشمال الشرقي,,,TN1,Tunisie,,,,TN,2022-11-15,,v01,fr,ar,,,POINT (10.061592554000015 36.78190202799999)
3,Sidi Hassine,سيدي حسين,,,10.08416629,36.73976979,,,,,,Sidi Hassine,سيدي حسين,,,TN1164,Tunis,تونس,,,TN11,North East,الشمال الشرقي,,,TN1,Tunisie,,,,TN,2022-11-15,,v01,fr,ar,,,POINT (10.084166287000016 36.739769792000004)
3,El Ouardia,الوردية,,,10.18017486,36.77194443,,,,,,El Ouardia,الوردية,,,TN1165,Tunis,تونس,,,TN11,North East,الشمال الشرقي,,,TN1,Tunisie,,,,TN,2022-11-15,,v01,fr,ar,,,POINT (10.18017486399998 36.771944425000015)
3,Kabaria,الكبارية,,,10.19172267,36.74242223,,,,,,Kabaria,الكبارية,,,TN1166,Tunis,تونس,,,TN11,North East,الشمال الشرقي,,,TN1,Tunisie,,,,TN,2022-11-15,,v01,fr,ar,,,POINT (10.191722669 36.74242223499999)
3,Sidi El Béchir,سيدي البشير,,,10.18001077,36.78469382,,,,,,Sidi El Béchir,سيدي البشير,,,TN1167,Tunis,تونس,,,TN11,North East,الشمال الشرقي,,,TN1,Tunisie,,,,TN,2022-11-15,,v01,fr,ar,,,POINT (10.18001076500002 36.784693817999994)
3,Jebel Jelloud,جبل الجلود,,,10.20746229,36.76566139,,,,,,Jebel Jelloud,جبل الجلود,,,TN1168,Tunis,تونس,,,TN11,North East,الشمال الشرقي,,,TN1,Tunisie,,,,TN,2022-11-15,,v01,fr,ar,,,POINT (10.207462295000028 36.765661394000006)
3,La Goulette,حلق الوادي,,,10.2828029,36.83441533,,,,,,La Goulette,حلق الوادي,,,TN1169,Tunis,تونس,,,TN11,North East,الشمال الشرقي,,,TN1,Tunisie,,,,TN,2022-11-15,,v01,fr,ar,,,POINT (10.282802898 36.834415329000024)
3,Le Kram,الكرم,,,10.29409379,36.84790264,,,,,,Le Kram,الكرم,,,TN1170,Tunis,تونس,,,TN11,North East,الشمال الشرقي,,,TN1,Tunisie,,,,TN,2022-11-15,,v01,fr,ar,,,POINT (10.294093789999977 36.84790263999997)
3,La Marsa,المرسى,,,10.30135705,36.90089921,,,,,,La Marsa,المرسى,,,TN1171,Tunis,تونس,,,TN11,North East,الشمال الشرقي,,,TN1,Tunisie,,,,TN,2022-11-15,,v01,fr,ar,,,POINT (10.301357051000025 36.900899211000024)
3,Ariana Médina,اريانة المدينة,,,10.16997844,36.86586672,,,,,,Ariana Médina,اريانة المدينة,,,TN1251,Ariana,أريانة,,,TN12,North East,الشمال الشرقي,,,TN1,Tunisie,,,,TN,2022-11-15,,v01,fr,ar,,,POINT (10.169978437999987 36.86586671700002)
3,Soukra,سكرة,,,10.23093966,36.8808589,,,,,,Soukra,سكرة,,,TN1252,Ariana,أريانة,,,TN12,North East,الشمال الشرقي,,,TN1,Tunisie,,,,TN,2022-11-15,,v01,fr,ar,,,POINT (10.230939659 36.88085890000002)
3,Raoued,روّاد,,,10.15014915,36.92915685,,,,,,Raoued,روّاد,,,TN1253,Ariana,أريانة,,,TN12,North East,الشمال الشرقي,,,TN1,Tunisie,,,,TN,2022-11-15,,v01,fr,ar,,,POINT (10.150149149000015 36.929156853999984)
3,Kalaat El Andalous,قلعة الأندلس,,,10.12430142,36.99723355,,,,,,Kalaat El Andalous,قلعة الأندلس,,,TN1254,Ariana,أريانة,,,TN12,North East,الشمال الشرقي,,,TN1,Tunisie,,,,TN,2022-11-15,,v01,fr,ar,,,POINT (10.124301420999984 36.99723355100002)
3,Sidi Thabet,سيدي ثابت,,,10.05613783,36.91152057,,,,,,Sidi Thabet,سيدي ثابت,,,TN1255,Ariana,أريانة,,,TN12,North East,الشمال الشرقي,,,TN1,Tunisie,,,,TN,2022-11-15,,v01,fr,ar,,,POINT (10.056137831000001 36.91152057300002)
3,Ettadhamen,حي التضامن,,,10.10609275,36.83337754,,,,,,Ettadhamen,حي التضامن,,,TN1256,Ariana,أريانة,,,TN12,North East,الشمال الشرقي,,,TN1,Tunisie,,,,TN,2022-11-15,,v01,fr,ar,,,POINT (10.106092751000006 36.83337754399997)
3,Mnihla,المنيهلة,,,10.10901203,36.86373541,,,,,,Mnihla,المنيهلة,,,TN1257,Ariana,أريانة,,,TN12,North East,الشمال الشرقي,,,TN1,Tunisie,,,,TN,2022-11-15,,v01,fr,ar,,,POINT (10.10901203200001 36.86373541099999)
3,Ben Arous,بن عروس,,,10.22458655,36.74884674,,,,,,Ben Arous,بن عروس,,,TN1351,Ben Arous,بن عروس,,,TN13,North East,الشمال الشرقي,,,TN1,Tunisie,,,,TN,2022-11-15,,v01,fr,ar,,,POINT (10.224586550000026 36.748846743)
3,Nouvelle Médina,المدينة الجديدة,,,10.24342925,36.7341232,,,,,,Nouvelle Médina,المدينة الجديدة,,,TN1352,Ben Arous,بن عروس,,,TN13,North East,الشمال الشرقي,,,TN1,Tunisie,,,,TN,2022-11-15,,v01,fr,ar,,,POINT (10.24342925000002 36.73412320099999)
3,El Mourouj,المروج,,,10.21923666,36.71982547,,,,,,El Mourouj,المروج,,,TN1353,Ben Arous,بن عروس,,,TN13,North East,الشمال الشرقي,,,TN1,Tunisie,,,,TN,2022-11-15,,v01,fr,ar,,,POINT (10.219236659999979 36.71982546700002)
3,Hammam Lif,حمام الأنف,,,10.33778717,36.71880141,,,,,,Hammam Lif,حمام الأنف,,,TN1354,Ben Arous,بن عروس,,,TN13,North East,الشمال الشرقي,,,TN1,Tunisie,,,,TN,2022-11-15,,v01,fr,ar,,,POINT (10.337787174000027 36.718801410000026)
3,Hammam Chott,حمام الشط,,,10.38056869,36.68351027,,,,,,Hammam Chott,حمام الشط,,,TN1355,Ben Arous,بن عروس,,,TN13,North East,الشمال الشرقي,,,TN1,Tunisie,,,,TN,2022-11-15,,v01,fr,ar,,,POINT (10.380568687999983 36.68351026800002)
3,Boumhel,بومهل البساتين,,,10.2963154,36.71551902,,,,,,Boumhel,بومهل البساتين,,,TN1356,Ben Arous,بن عروس,,,TN13,North East,الشمال الشرقي,,,TN1,Tunisie,,,,TN,2022-11-15,,v01,fr,ar,,,POINT (10.296315396000011 36.71551901599997)
3,Ezzahra,الزهراء,,,10.29866945,36.74737277,,,,,,Ezzahra,الزهراء,,,TN1357,Ben Arous,بن عروس,,,TN13,North East,الشمال الشرقي,,,TN1,Tunisie,,,,TN,2022-11-15,,v01,fr,ar,,,POINT (10.298669452000013 36.74737276899998)
3,Radès,رادس,,,10.28021496,36.77614073,,,,,,Radès,رادس,,,TN1358,Ben Arous,بن عروس,,,TN13,North East,الشمال الشرقي,,,TN1,Tunisie,,,,TN,2022-11-15,,v01,fr,ar,,,POINT (10.280214963999981 36.77614072799997)
3,Mégrine,مقرين,,,10.23867873,36.77165002,,,,,,Mégrine,مقرين,,,TN1359,Ben Arous,بن عروس,,,TN13,North East,الشمال الشرقي,,,TN1,Tunisie,,,,TN,2022-11-15,,v01,fr,ar,,,POINT (10.238678726999979 36.77165002300001)
3,M'Hamdia,المحمدية,,,10.11454557,36.64530811,,,,,,M'Hamdia,المحمدية,,,TN1360,Ben Arous,بن عروس,,,TN13,North East,الشمال الشرقي,,,TN1,Tunisie,,,,TN,2022-11-15,,v01,fr,ar,,,POINT (10.114545567999983 36.645308108999984)
3,Fouchana,فوشانة,,,10.17962846,36.69370937,,,,,,Fouchana,فوشانة,,,TN1361,Ben Arous,بن عروس,,,TN13,North East,الشمال الشرقي,,,TN1,Tunisie,,,,TN,2022-11-15,,v01,fr,ar,,,POINT (10.179628461999982 36.693709372)
3,Mornag,مرناق,,,10.24428338,36.58568423,,,,,,Mornag,مرناق,,,TN1362,Ben Arous,بن عروس,,,TN13,North East,الشمال الشرقي,,,TN1,Tunisie,,,,TN,2022-11-15,,v01,fr,ar,,,POINT (10.244283375999998 36.58568422799999)
3,Manouba,منوبة,,,10.08612267,36.81171581,,,,,,Manouba,منوبة,,,TN1451,Manubah,منوبة,,,TN14,North East,الشمال الشرقي,,,TN1,Tunisie,,,,TN,2022-11-15,,v01,fr,ar,,,POINT (10.08612266900002 36.81171580900002)
3,Douar Hicher,دوار هيشر,,,10.08003051,36.83626606,,,,,,Douar Hicher,دوار هيشر,,,TN1452,Manubah,منوبة,,,TN14,North East,الشمال الشرقي,,,TN1,Tunisie,,,,TN,2022-11-15,,v01,fr,ar,,,POINT (10.080030512000008 36.83626606199999)
3,Oued Ellil,وادي الليل,,,10.01340073,36.82980222,,,,,,Oued Ellil,وادي الليل,,,TN1453,Manubah,منوبة,,,TN14,North East,الشمال الشرقي,,,TN1,Tunisie,,,,TN,2022-11-15,,v01,fr,ar,,,POINT (10.01340073099999 36.829802223)
3,Mornaguia,المرناقية,,,9.99855715,36.67651945,,,,,,Mornaguia,المرناقية,,,TN1454,Manubah,منوبة,,,TN14,North East,الشمال الشرقي,,,TN1,Tunisie,,,,TN,2022-11-15,,v01,fr,ar,,,POINT (9.99855715000001 36.67651944900001)
3,Borj El Amri,برج العامري,,,9.84484015,36.67676519,,,,,,Borj El Amri,برج العامري,,,TN1455,Manubah,منوبة,,,TN14,North East,الشمال الشرقي,,,TN1,Tunisie,,,,TN,2022-11-15,,v01,fr,ar,,,POINT (9.844840148999992 36.676765192000005)
3,Jedaida,الجديدة,,,9.92761596,36.85413432,,,,,,Jedaida,الجديدة,,,TN1456,Manubah,منوبة,,,TN14,North East,الشمال الشرقي,,,TN1,Tunisie,,,,TN,2022-11-15,,v01,fr,ar,,,POINT (9.927615955000022 36.85413432399997)
3,Tebourba,طبربة,,,9.76209748,36.87532976,,,,,,Tebourba,طبربة,,,TN1457,Manubah,منوبة,,,TN14,North East,الشمال الشرقي,,,TN1,Tunisie,,,,TN,2022-11-15,,v01,fr,ar,,,POINT (9.762097480000023 36.87532975800002)
3,El Battan,البطان,,,9.73668832,36.77059057,,,,,,El Battan,البطان,,,TN1458,Manubah,منوبة,,,TN14,North East,الشمال الشرقي,,,TN1,Tunisie,,,,TN,2022-11-15,,v01,fr,ar,,,POINT (9.73668832300001 36.77059056899998)
3,Nabeul,نابل,,,10.67070376,36.48243457,,,,,,Nabeul,نابل,,,TN1551,Nabeul,نابل,,,TN15,North East,الشمال الشرقي,,,TN1,Tunisie,,,,TN,2022-11-15,,v01,fr,ar,,,POINT (10.670703756000023 36.48243456900002)
3,Dar Chaabane El Fehri,دار شعبان الفهري,,,10.71547098,36.51808715,,,,,,Dar Chaabane El Fehri,دار شعبان الفهري,,,TN1552,Nabeul,نابل,,,TN15,North East,الشمال الشرقي,,,TN1,Tunisie,,,,TN,2022-11-15,,v01,fr,ar,,,POINT (10.715470976000006 36.51808715499999)
3,Beni Khiar,بني خيار,,,10.77420178,36.52323326,,,,,,Beni Khiar,بني خيار,,,TN1553,Nabeul,نابل,,,TN15,North East,الشمال الشرقي,,,TN1,Tunisie,,,,TN,2022-11-15,,v01,fr,ar,,,POINT (10.774201779999999 36.523233258000005)
3,Korba,قربة,,,10.79840676,36.60597286,,,,,,Korba,قربة,,,TN1554,Nabeul,نابل,,,TN15,North East,الشمال الشرقي,,,TN1,Tunisie,,,,TN,2022-11-15,,v01,fr,ar,,,POINT (10.798406759999978 36.60597285699998)
3,Menzel Temime,منزل تميم,,,10.88955083,36.8075042,,,,,,Menzel Temime,منزل تميم,,,TN1555,Nabeul,نابل,,,TN15,North East,الشمال الشرقي,,,TN1,Tunisie,,,,TN,2022-11-15,,v01,fr,ar,,,POINT (10.889550827999983 36.80750420200002)
3,El Mida,الميدة,,,10.8584158,36.72063068,,,,,,El Mida,الميدة,,,TN1556,Nabeul,نابل,,,TN15,North East,الشمال الشرقي,,,TN1,Tunisie,,,,TN,2022-11-15,,v01,fr,ar,,,POINT (10.85841579800001 36.720630675999985)
3,Kelibia,قليبية,,,11.00535266,36.87935765,,,,,,Kelibia,قليبية,,,TN1557,Nabeul,نابل,,,TN15,North East,الشمال الشرقي,,,TN1,Tunisie,,,,TN,2022-11-15,,v01,fr,ar,,,POINT (11.005352657999993 36.879357647000006)
3,Hammam Ghezaz,حمام الأغزاز,,,11.06813832,36.93326404,,,,,,Hammam Ghezaz,حمام الأغزاز,,,TN1558,Nabeul,نابل,,,TN15,North East,الشمال الشرقي,,,TN1,Tunisie,,,,TN,2022-11-15,,v01,fr,ar,,,POINT (11.068138323000028 36.93326404200002)
3,Haouaria,الهوارية,,,10.91316317,36.9545203,,,,,,Haouaria,الهوارية,,,TN1559,Nabeul,نابل,,,TN15,North East,الشمال الشرقي,,,TN1,Tunisie,,,,TN,2022-11-15,,v01,fr,ar,,,POINT (10.913163168999972 36.954520296)
3,Takelsa,تاكلسة,,,10.67518744,36.79357242,,,,,,Takelsa,تاكلسة,,,TN1560,Nabeul,نابل,,,TN15,North East,الشمال الشرقي,,,TN1,Tunisie,,,,TN,2022-11-15,,v01,fr,ar,,,POINT (10.675187440000002 36.79357242200001)
3,Soliman,سليمان,,,10.55682039,36.74959488,,,,,,Soliman,سليمان,,,TN1561,Nabeul,نابل,,,TN15,North East,الشمال الشرقي,,,TN1,Tunisie,,,,TN,2022-11-15,,v01,fr,ar,,,POINT (10.556820388000006 36.74959487699999)
3,Menzel Bouzelfa,منزل بوزلفة,,,10.60013568,36.70450814,,,,,,Menzel Bouzelfa,منزل بوزلفة,,,TN1562,Nabeul,نابل,,,TN15,North East,الشمال الشرقي,,,TN1,Tunisie,,,,TN,2022-11-15,,v01,fr,ar,,,POINT (10.600135679000005 36.704508138999984)
3,Beni Khalled,بني خلاد,,,10.63492693,36.62490183,,,,,,Beni Khalled,بني خلاد,,,TN1563,Nabeul,نابل,,,TN15,North East,الشمال الشرقي,,,TN1,Tunisie,,,,TN,2022-11-15,,v01,fr,ar,,,POINT (10.634926930000006 36.624901835)
3,Grombalia,قرمبالية,,,10.46316342,36.5933146,,,,,,Grombalia,قرمبالية,,,TN1564,Nabeul,نابل,,,TN15,North East,الشمال الشرقي,,,TN1,Tunisie,,,,TN,2022-11-15,,v01,fr,ar,,,POINT (10.463163418000022 36.593314604)
3,Bou Argoub,بوعرقوب,,,10.57017213,36.52836071,,,,,,Bou Argoub,بوعرقوب,,,TN1565,Nabeul,نابل,,,TN15,North East,الشمال الشرقي,,,TN1,Tunisie,,,,TN,2022-11-15,,v01,fr,ar,,,POINT (10.570172129000014 36.52836070799998)
3,Hammamet,الحمامات,,,10.50852043,36.40855103,,,,,,Hammamet,الحمامات,,,TN1566,Nabeul,نابل,,,TN15,North East,الشمال الشرقي,,,TN1,Tunisie,,,,TN,2022-11-15,,v01,fr,ar,,,POINT (10.508520431000022 36.40855103400003)
3,Zaghouan,زغوان,,,10.2027051,36.41433327,,,,,,Zaghouan,زغوان,,,TN1651,Zaghouan,زغوان,,,TN16,North East,الشمال الشرقي,,,TN1,Tunisie,,,,TN,2022-11-15,,v01,fr,ar,,,POINT (10.202705103000028 36.414333274)
3,Zriba,الزريبة,,,10.22297504,36.31414904,,,,,,Zriba,الزريبة,,,TN1652,Zaghouan,زغوان,,,TN16,North East,الشمال الشرقي,,,TN1,Tunisie,,,,TN,2022-11-15,,v01,fr,ar,,,POINT (10.222975044000009 36.31414904500002)
3,Bir Mchergua,بئر مشارقة,,,9.99805805,36.52811289,,,,,,Bir Mchergua,بئر مشارقة,,,TN1653,Zaghouan,زغوان,,,TN16,North East,الشمال الشرقي,,,TN1,Tunisie,,,,TN,2022-11-15,,v01,fr,ar,,,POINT (9.998058054000012 36.52811288999999)
3,Fahs,الفحص,,,9.83275369,36.27018181,,,,,,Fahs,الفحص,,,TN1654,Zaghouan,زغوان,,,TN16,North East,الشمال الشرقي,,,TN1,Tunisie,,,,TN,2022-11-15,,v01,fr,ar,,,POINT (9.832753690999994 36.270181815)
3,Nadhour,الناظور,,,9.98726581,36.11174591,,,,,,Nadhour,الناظور,,,TN1655,Zaghouan,زغوان,,,TN16,North East,الشمال الشرقي,,,TN1,Tunisie,,,,TN,2022-11-15,,v01,fr,ar,,,POINT (9.987265810999986 36.11174590899998)
3,Saouaf,صواف,,,10.15004468,36.21554523,,,,,,Saouaf,صواف,,,TN1656,Zaghouan,زغوان,,,TN16,North East,الشمال الشرقي,,,TN1,Tunisie,,,,TN,2022-11-15,,v01,fr,ar,,,POINT (10.150044681999987 36.21554522500003)
3,Bizerte Nord,بنزرت الشمالية,,,9.82578078,37.30096604,,,,,,Bizerte Nord,بنزرت الشمالية,,,TN1751,Bizerte,بنزرت,,,TN17,North East,الشمال الشرقي,,,TN1,Tunisie,,,,TN,2022-11-15,,v01,fr,ar,,,POINT (9.825780784000017 37.30096603999999)
3,Jarzouna,جرزونة,,,9.88542248,37.25783517,,,,,,Jarzouna,جرزونة,,,TN1752,Bizerte,بنزرت,,,TN17,North East,الشمال الشرقي,,,TN1,Tunisie,,,,TN,2022-11-15,,v01,fr,ar,,,POINT (9.885422480999978 37.25783516600001)
3,Bizerte Sud,بنزرت الجنوبية,,,9.66796043,37.25837604,,,,,,Bizerte Sud,بنزرت الجنوبية,,,TN1753,Bizerte,بنزرت,,,TN17,North East,الشمال الشرقي,,,TN1,Tunisie,,,,TN,2022-11-15,,v01,fr,ar,,,POINT (9.66796042599998 37.258376037999994)
3,Sejnane,سجنان,,,9.23608518,37.13705026,,,,,,Sejnane,سجنان,,,TN1754,Bizerte,بنزرت,,,TN17,North East,الشمال الشرقي,,,TN1,Tunisie,,,,TN,2022-11-15,,v01,fr,ar,,,POINT (9.23608518200001 37.137050260000024)
3,Joumine,جومين,,,9.44760978,36.87807766,,,,,,Joumine,جومين,,,TN1755,Bizerte,بنزرت,,,TN17,North East,الشمال الشرقي,,,TN1,Tunisie,,,,TN,2022-11-15,,v01,fr,ar,,,POINT (9.447609779000004 36.87807766200001)
3,Mateur,ماطر,,,9.67091596,36.98609659,,,,,,Mateur,ماطر,,,TN1756,Bizerte,بنزرت,,,TN17,North East,الشمال الشرقي,,,TN1,Tunisie,,,,TN,2022-11-15,,v01,fr,ar,,,POINT (9.670915959000013 36.986096585999974)
3,Ghazala,غزالة,,,9.48563124,37.07913556,,,,,,Ghazala,غزالة,,,TN1757,Bizerte,بنزرت,,,TN17,North East,الشمال الشرقي,,,TN1,Tunisie,,,,TN,2022-11-15,,v01,fr,ar,,,POINT (9.485631236000017 37.07913555900001)
3,Menzel Bourguiba,منزل بورقيبة,,,9.85806737,37.10670497,,,,,,Menzel Bourguiba,منزل بورقيبة,,,TN1758,Bizerte,بنزرت,,,TN17,North East,الشمال الشرقي,,,TN1,Tunisie,,,,TN,2022-11-15,,v01,fr,ar,,,POINT (9.858067371000004 37.10670496900002)
3,Tinja,تينجة,,,9.66529718,37.12975971,,,,,,Tinja,تينجة,,,TN1759,Bizerte,بنزرت,,,TN17,North East,الشمال الشرقي,,,TN1,Tunisie,,,,TN,2022-11-15,,v01,fr,ar,,,POINT (9.665297179999982 37.12975970999997)
3,Utique,أوتيك,,,9.95989981,37.03454052,,,,,,Utique,أوتيك,,,TN1760,Bizerte,بنزرت,,,TN17,North East,الشمال الشرقي,,,TN1,Tunisie,,,,TN,2022-11-15,,v01,fr,ar,,,POINT (9.959899807999989 37.03454052400002)
3,Ghar El Melh,غار الملح,,,10.09282519,37.14481391,,,,,,Ghar El Melh,غار الملح,,,TN1761,Bizerte,بنزرت,,,TN17,North East,الشمال الشرقي,,,TN1,Tunisie,,,,TN,2022-11-15,,v01,fr,ar,,,POINT (10.092825190999974 37.144813906000024)
3,Menzel Jemil,منزل جميل,,,9.98220405,37.203524,,,,,,Menzel Jemil,منزل جميل,,,TN1762,Bizerte,بنزرت,,,TN17,North East,الشمال الشرقي,,,TN1,Tunisie,,,,TN,2022-11-15,,v01,fr,ar,,,POINT (9.982204050999997 37.20352400399997)
3,El Alia,العالية,,,9.9992804,37.15822259,,,,,,El Alia,العالية,,,TN1763,Bizerte,بنزرت,,,TN17,North East,الشمال الشرقي,,,TN1,Tunisie,,,,TN,2022-11-15,,v01,fr,ar,,,POINT (9.999280398999986 37.158222592000016)
3,Ras Jebel,راس الجبل,,,10.08563187,37.2225953,,,,,,Ras Jebel,راس الجبل,,,TN1764,Bizerte,بنزرت,,,TN17,North East,الشمال الشرقي,,,TN1,Tunisie,,,,TN,2022-11-15,,v01,fr,ar,,,POINT (10.085631870999975 37.22259530100001)
3,Béja Nord,باجة الشمالية,,,9.24308319,36.80427185,,,,,,Béja Nord,باجة الشمالية,,,TN2151,Béja,باجة,,,TN21,North West,الشمال الغربي,,,TN2,Tunisie,,,,TN,2022-11-15,,v01,fr,ar,,,POINT (9.243083188000014 36.804271846000006)
3,Béja Sud,باجة الجنوبية,,,9.17643322,36.63597585,,,,,,Béja Sud,باجة الجنوبية,,,TN2152,Béja,باجة,,,TN21,North West,الشمال الغربي,,,TN2,Tunisie,,,,TN,2022-11-15,,v01,fr,ar,,,POINT (9.176433223999993 36.63597585000002)
3,Amdoun,عمدون,,,9.028602,36.77729656,,,,,,Amdoun,عمدون,,,TN2153,Béja,باجة,,,TN21,North West,الشمال الغربي,,,TN2,Tunisie,,,,TN,2022-11-15,,v01,fr,ar,,,POINT (9.028602002000014 36.77729655500002)
3,Nefza,نفزة,,,9.06923051,36.98823737,,,,,,Nefza,نفزة,,,TN2154,Béja,باجة,,,TN21,North West,الشمال الغربي,,,TN2,Tunisie,,,,TN,2022-11-15,,v01,fr,ar,,,POINT (9.069230505999997 36.988237371000025)
3,Téboursouk,تبرسق,,,9.23495187,36.45975879,,,,,,Téboursouk,تبرسق,,,TN2155,Béja,باجة,,,TN21,North West,الشمال الغربي,,,TN2,Tunisie,,,,TN,2022-11-15,,v01,fr,ar,,,POINT (9.23495187200001 36.45975878899998)
3,Thibar,تيبار,,,9.10885056,36.51865164,,,,,,Thibar,تيبار,,,TN2156,Béja,باجة,,,TN21,North West,الشمال الغربي,,,TN2,Tunisie,,,,TN,2022-11-15,,v01,fr,ar,,,POINT (9.108850560000008 36.518651637999994)
3,Testour,تستور,,,9.41087402,36.5932285,,,,,,Testour,تستور,,,TN2157,Béja,باجة,,,TN21,North West,الشمال الغربي,,,TN2,Tunisie,,,,TN,2022-11-15,,v01,fr,ar,,,POINT (9.410874024000009 36.593228496999984)
3,Goubellat,قبلاط,,,9.68761683,36.52830567,,,,,,Goubellat,قبلاط,,,TN2158,Béja,باجة,,,TN21,North West,الشمال الغربي,,,TN2,Tunisie,,,,TN,2022-11-15,,v01,fr,ar,,,POINT (9.687616833999982 36.52830566900002)
3,Mejez El Bab,مجاز الباب,,,9.63854093,36.7089281,,,,,,Mejez El Bab,مجاز الباب,,,TN2159,Béja,باجة,,,TN21,North West,الشمال الغربي,,,TN2,Tunisie,,,,TN,2022-11-15,,v01,fr,ar,,,POINT (9.638540932000012 36.708928102000016)
3,Jendouba Sud,جندوبة,,,8.83024459,36.48449651,,,,,,Jendouba Sud,جندوبة,,,TN2251,Jendouba,جندوبة,,,TN22,North West,الشمال الغربي,,,TN2,Tunisie,,,,TN,2022-11-15,,v01,fr,ar,,,POINT (8.830244588000028 36.48449650800001)
3,Jendouba Nord,جندوبة الشمالية,,,8.67366659,36.53415211,,,,,,Jendouba Nord,جندوبة الشمالية,,,TN2252,Jendouba,جندوبة,,,TN22,North West,الشمال الغربي,,,TN2,Tunisie,,,,TN,2022-11-15,,v01,fr,ar,,,POINT (8.673666588999993 36.53415210700001)
3,Bousalem,بوسالم,,,8.9843135,36.55837835,,,,,,Bousalem,بوسالم,,,TN2253,Jendouba,جندوبة,,,TN22,North West,الشمال الغربي,,,TN2,Tunisie,,,,TN,2022-11-15,,v01,fr,ar,,,POINT (8.984313498000006 36.55837835300002)
3,Tabarka,طبرقة,,,8.82277942,36.90686981,,,,,,Tabarka,طبرقة,,,TN2254,Jendouba,جندوبة,,,TN22,North West,الشمال الغربي,,,TN2,Tunisie,,,,TN,2022-11-15,,v01,fr,ar,,,POINT (8.822779421999996 36.906869814000004)
3,Aïn Draham,عين دراهم,,,8.77474646,36.79361203,,,,,,Aïn Draham,عين دراهم,,,TN2255,Jendouba,جندوبة,,,TN22,North West,الشمال الغربي,,,TN2,Tunisie,,,,TN,2022-11-15,,v01,fr,ar,,,POINT (8.774746461999996 36.793612026999995)
3,Fernana,فرنانة,,,8.62153808,36.65266441,,,,,,Fernana,فرنانة,,,TN2256,Jendouba,جندوبة,,,TN22,North West,الشمال الغربي,,,TN2,Tunisie,,,,TN,2022-11-15,,v01,fr,ar,,,POINT (8.621538075999979 36.65266440800002)
3,Ghardimaou,غار الدماء,,,8.33952213,36.48459855,,,,,,Ghardimaou,غار الدماء,,,TN2257,Jendouba,جندوبة,,,TN22,North West,الشمال الغربي,,,TN2,Tunisie,,,,TN,2022-11-15,,v01,fr,ar,,,POINT (8.339522129999978 36.484598550999976)
3,Oued Mliz,وادي مليز,,,8.62310544,36.48525515,,,,,,Oued Mliz,وادي مليز,,,TN2258,Jendouba,جندوبة,,,TN22,North West,الشمال الغربي,,,TN2,Tunisie,,,,TN,2022-11-15,,v01,fr,ar,,,POINT (8.623105436999992 36.48525515199998)
3,Balta Bou Aouane,بلطة بوعوان,,,8.91535547,36.69214744,,,,,,Balta Bou Aouane,بلطة بوعوان,,,TN2259,Jendouba,جندوبة,,,TN22,North West,الشمال الغربي,,,TN2,Tunisie,,,,TN,2022-11-15,,v01,fr,ar,,,POINT (8.915355471999987 36.692147444)
3,Kef Ouest,الكاف الغربية,,,8.60819629,36.15363991,,,,,,Kef Ouest,الكاف الغربية,,,TN2351,Le Kef,الكاف,,,TN23,North West,الشمال الغربي,,,TN2,Tunisie,,,,TN,2022-11-15,,v01,fr,ar,,,POINT (8.608196291000013 36.15363990600002)
3,Kef Est,الكاف الشرقية,,,8.86582506,36.18385246,,,,,,Kef Est,الكاف الشرقية,,,TN2352,Le Kef,الكاف,,,TN23,North West,الشمال الغربي,,,TN2,Tunisie,,,,TN,2022-11-15,,v01,fr,ar,,,POINT (8.865825058999974 36.18385245899998)
3,Nebeur,نبر,,,8.7421409,36.3293719,,,,,,Nebeur,نبر,,,TN2353,Le Kef,الكاف,,,TN23,North West,الشمال الغربي,,,TN2,Tunisie,,,,TN,2022-11-15,,v01,fr,ar,,,POINT (8.742140898999992 36.32937190299998)
3,Sakiet Sidi Youssef,ساقية سيدي يوسف,,,8.42624578,36.1686435,,,,,,Sakiet Sidi Youssef,ساقية سيدي يوسف,,,TN2354,Le Kef,الكاف,,,TN23,North West,الشمال الغربي,,,TN2,Tunisie,,,,TN,2022-11-15,,v01,fr,ar,,,POINT (8.426245779999988 36.168643497000005)
3,Tajerouine,تاجروين,,,8.54661801,35.96573229,,,,,,Tajerouine,تاجروين,,,TN2355,Le Kef,الكاف,,,TN23,North West,الشمال الغربي,,,TN2,Tunisie,,,,TN,2022-11-15,,v01,fr,ar,,,POINT (8.546618011000021 35.965732292999974)
3,Kalaat Senan,قلعة سنان,,,8.40778806,35.79732089,,,,,,Kalaat Senan,قلعة سنان,,,TN2356,Le Kef,الكاف,,,TN23,North West,الشمال الغربي,,,TN2,Tunisie,,,,TN,2022-11-15,,v01,fr,ar,,,POINT (8.407788056000015 35.79732088700001)
3,Kalaa Khesba,القلعة الخصباء,,,8.51853062,35.72742577,,,,,,Kalaa Khesba,القلعة الخصباء,,,TN2357,Le Kef,الكاف,,,TN23,North West,الشمال الغربي,,,TN2,Tunisie,,,,TN,2022-11-15,,v01,fr,ar,,,POINT (8.518530616000021 35.727425772000004)
3,Jerissa,الجريصة,,,8.64351944,35.81677081,,,,,,Jerissa,الجريصة,,,TN2358,Le Kef,الكاف,,,TN23,North West,الشمال الغربي,,,TN2,Tunisie,,,,TN,2022-11-15,,v01,fr,ar,,,POINT (8.643519439999977 35.81677080999998)
3,Ksour,القصور,,,8.94159024,35.83013578,,,,,,Ksour,القصور,,,TN2359,Le Kef,الكاف,,,TN23,North West,الشمال الغربي,,,TN2,Tunisie,,,,TN,2022-11-15,,v01,fr,ar,,,POINT (8.941590237000014 35.83013577700001)
3,Dahmani,الدهماني,,,8.79479725,35.93529065,,,,,,Dahmani,الدهماني,,,TN2360,Le Kef,الكاف,,,TN23,North West,الشمال الغربي,,,TN2,Tunisie,,,,TN,2022-11-15,,v01,fr,ar,,,POINT (8.794797248000009 35.935290651)
3,Es Sers,السرس,,,9.04856927,36.06278794,,,,,,Es Sers,السرس,,,TN2361,Le Kef,الكاف,,,TN23,North West,الشمال الغربي,,,TN2,Tunisie,,,,TN,2022-11-15,,v01,fr,ar,,,POINT (9.048569273999988 36.062787936999996)
3,Siliana Nord,سليانة الشمالية,,,9.22358875,36.03059878,,,,,,Siliana Nord,سليانة الشمالية,,,TN2451,Siliana,سليانـــة,,,TN24,North West,الشمال الغربي,,,TN2,Tunisie,,,,TN,2022-11-15,,v01,fr,ar,,,POINT (9.223588749999976 36.030598784000006)
3,Siliana Sud,سليانة الجنوبية,,,9.42981161,35.96968988,,,,,,Siliana Sud,سليانة الجنوبية,,,TN2452,Siliana,سليانـــة,,,TN24,North West,الشمال الغربي,,,TN2,Tunisie,,,,TN,2022-11-15,,v01,fr,ar,,,POINT (9.429811609000012 35.969689883)
3,Bouarada,بوعرادة,,,9.63153076,36.31348704,,,,,,Bouarada,بوعرادة,,,TN2453,Siliana,سليانـــة,,,TN24,North West,الشمال الغربي,,,TN2,Tunisie,,,,TN,2022-11-15,,v01,fr,ar,,,POINT (9.63153076399999 36.313487039999984)
3,Gaafour,قعفور,,,9.33247916,36.25215736,,,,,,Gaafour,قعفور,,,TN2454,Siliana,سليانـــة,,,TN24,North West,الشمال الغربي,,,TN2,Tunisie,,,,TN,2022-11-15,,v01,fr,ar,,,POINT (9.332479163000016 36.25215736199999)
3,El Krib,الكريب,,,9.12632324,36.34814834,,,,,,El Krib,الكريب,,,TN2455,Siliana,سليانـــة,,,TN24,North West,الشمال الغربي,,,TN2,Tunisie,,,,TN,2022-11-15,,v01,fr,ar,,,POINT (9.126323243999991 36.34814834100001)
3,Bourouis,بورويس,,,9.13198962,36.1884572,,,,,,Bourouis,بورويس,,,TN2456,Siliana,سليانـــة,,,TN24,North West,الشمال الغربي,,,TN2,Tunisie,,,,TN,2022-11-15,,v01,fr,ar,,,POINT (9.131989620000013 36.188457203999974)
3,Makthar,مكثر,,,9.16367859,35.87022672,,,,,,Makthar,مكثر,,,TN2457,Siliana,سليانـــة,,,TN24,North West,الشمال الغربي,,,TN2,Tunisie,,,,TN,2022-11-15,,v01,fr,ar,,,POINT (9.163678587999982 35.87022671699998)
3,Rouhia,الروحية,,,9.1480848,35.65717545,,,,,,Rouhia,الروحية,,,TN2458,Siliana,سليانـــة,,,TN24,North West,الشمال الغربي,,,TN2,Tunisie,,,,TN,2022-11-15,,v01,fr,ar,,,POINT (9.148084799999992 35.65717545199999)
3,Kesra,كسرى,,,9.39187393,35.80336615,,,,,,Kesra,كسرى,,,TN2459,Siliana,سليانـــة,,,TN24,North West,الشمال الغربي,,,TN2,Tunisie,,,,TN,2022-11-15,,v01,fr,ar,,,POINT (9.391873929999974 35.80336615300001)
3,Bargou,برقو,,,9.62313788,36.1002164,,,,,,Bargou,برقو,,,TN2460,Siliana,سليانـــة,,,TN24,North West,الشمال الغربي,,,TN2,Tunisie,,,,TN,2022-11-15,,v01,fr,ar,,,POINT (9.623137874999998 36.100216405000026)
3,Laroussa,العروسة,,,9.44913357,36.35383202,,,,,,Laroussa,العروسة,,,TN2461,Siliana,سليانـــة,,,TN24,North West,الشمال الغربي,,,TN2,Tunisie,,,,TN,2022-11-15,,v01,fr,ar,,,POINT (9.44913356799998 36.353832017)
3,Sousse Médina,سوسة المدينة,,,10.63198215,35.83648301,,,,,,Sousse Médina,سوسة المدينة,,,TN3151,Sousse,سوسة,,,TN31,Centre East,الوسط الشرقي,,,TN3,Tunisie,,,,TN,2022-11-15,,v01,fr,ar,,,POINT (10.63198214900001 35.83648301400001)
3,Sousse Riadh,سوسة الرياض,,,10.59675987,35.80479345,,,,,,Sousse Riadh,سوسة الرياض,,,TN3152,Sousse,سوسة,,,TN31,Centre East,الوسط الشرقي,,,TN3,Tunisie,,,,TN,2022-11-15,,v01,fr,ar,,,POINT (10.596759872999996 35.80479344600002)
3,Sousse Jaouhara,سوسة جوهرة,,,10.61194751,35.82876075,,,,,,Sousse Jaouhara,سوسة جوهرة,,,TN3153,Sousse,سوسة,,,TN31,Centre East,الوسط الشرقي,,,TN3,Tunisie,,,,TN,2022-11-15,,v01,fr,ar,,,POINT (10.611947509000004 35.82876074500001)
3,Sousse Sidi Abdelhamid,سوسة سيدي عبد الحميد,,,10.66088157,35.79614679,,,,,,Sousse Sidi Abdelhamid,سوسة سيدي عبد الحميد,,,TN3154,Sousse,سوسة,,,TN31,Centre East,الوسط الشرقي,,,TN3,Tunisie,,,,TN,2022-11-15,,v01,fr,ar,,,POINT (10.660881572999983 35.79614679000002)
3,Hammam Sousse,حمام سوسة,,,10.59389321,35.874696,,,,,,Hammam Sousse,حمام سوسة,,,TN3155,Sousse,سوسة,,,TN31,Centre East,الوسط الشرقي,,,TN3,Tunisie,,,,TN,2022-11-15,,v01,fr,ar,,,POINT (10.593893213000001 35.874696003)
3,Akouda,اكودة,,,10.56218201,35.90522496,,,,,,Akouda,اكودة,,,TN3156,Sousse,سوسة,,,TN31,Centre East,الوسط الشرقي,,,TN3,Tunisie,,,,TN,2022-11-15,,v01,fr,ar,,,POINT (10.562182013999973 35.90522496)
3,Kalaa Kebira,القلعة الكبرى,,,10.45277894,35.86843854,,,,,,Kalaa Kebira,القلعة الكبرى,,,TN3157,Sousse,سوسة,,,TN31,Centre East,الوسط الشرقي,,,TN3,Tunisie,,,,TN,2022-11-15,,v01,fr,ar,,,POINT (10.452778937999994 35.86843854099999)
3,Sidi Bou Ali,سيدي بوعلي,,,10.42554516,35.96929495,,,,,,Sidi Bou Ali,سيدي بوعلي,,,TN3158,Sousse,سوسة,,,TN31,Centre East,الوسط الشرقي,,,TN3,Tunisie,,,,TN,2022-11-15,,v01,fr,ar,,,POINT (10.425545165000017 35.969294949000016)
3,Hergla,هرقلة,,,10.44593077,36.02827808,,,,,,Hergla,هرقلة,,,TN3159,Sousse,سوسة,,,TN31,Centre East,الوسط الشرقي,,,TN3,Tunisie,,,,TN,2022-11-15,,v01,fr,ar,,,POINT (10.445930770000018 36.02827807800003)
3,Enfidha,النفيضة,,,10.33587033,36.12779542,,,,,,Enfidha,النفيضة,,,TN3160,Sousse,سوسة,,,TN31,Centre East,الوسط الشرقي,,,TN3,Tunisie,,,,TN,2022-11-15,,v01,fr,ar,,,POINT (10.335870327999999 36.127795419999984)
3,Bouficha,بوفيشة,,,10.42620837,36.27436497,,,,,,Bouficha,بوفيشة,,,TN3161,Sousse,سوسة,,,TN31,Centre East,الوسط الشرقي,,,TN3,Tunisie,,,,TN,2022-11-15,,v01,fr,ar,,,POINT (10.426208369999983 36.27436497399998)
3,Kondar,كندار,,,10.24502975,35.90446809,,,,,,Kondar,كندار,,,TN3162,Sousse,سوسة,,,TN31,Centre East,الوسط الشرقي,,,TN3,Tunisie,,,,TN,2022-11-15,,v01,fr,ar,,,POINT (10.245029751000004 35.90446809500003)
3,Sidi El Heni,سيدي الهاني,,,10.31891555,35.69931118,,,,,,Sidi El Heni,سيدي الهاني,,,TN3163,Sousse,سوسة,,,TN31,Centre East,الوسط الشرقي,,,TN3,Tunisie,,,,TN,2022-11-15,,v01,fr,ar,,,POINT (10.318915552000021 35.69931117700003)
3,M'Saken,مساكن,,,10.53876788,35.67310176,,,,,,M'Saken,مساكن,,,TN3164,Sousse,سوسة,,,TN31,Centre East,الوسط الشرقي,,,TN3,Tunisie,,,,TN,2022-11-15,,v01,fr,ar,,,POINT (10.538767876999998 35.67310176000001)
3,Kalaa Sghira,القلعة الصغرى,,,10.47091273,35.79798875,,,,,,Kalaa Sghira,القلعة الصغرى,,,TN3165,Sousse,سوسة,,,TN31,Centre East,الوسط الشرقي,,,TN3,Tunisie,,,,TN,2022-11-15,,v01,fr,ar,,,POINT (10.47091272900002 35.79798874699998)
3,Zaouia Ksiba Thraya,الزاوية - القصيبة - الثريات,,,10.63817848,35.76801713,,,,,,Zaouia Ksiba Thraya,الزاوية - القصيبة - الثريات,,,TN3166,Sousse,سوسة,,,TN31,Centre East,الوسط الشرقي,,,TN3,Tunisie,,,,TN,2022-11-15,,v01,fr,ar,,,POINT (10.638178482 35.76801712700001)
3,Monastir,المنستير,,,10.79882403,35.73950189,,,,,,Monastir,المنستير,,,TN3251,Monastir,المنستير,,,TN32,Centre East,الوسط الشرقي,,,TN3,Tunisie,,,,TN,2022-11-15,,v01,fr,ar,,,POINT (10.798824024999988 35.739501888999996)
3,Ouerdanine,الوردانين,,,10.6771591,35.70105815,,,,,,Ouerdanine,الوردانين,,,TN3252,Monastir,المنستير,,,TN32,Centre East,الوسط الشرقي,,,TN3,Tunisie,,,,TN,2022-11-15,,v01,fr,ar,,,POINT (10.677159103999998 35.70105815400001)
3,Sahline,الساحلين,,,10.7225846,35.74194675,,,,,,Sahline,الساحلين,,,TN3253,Monastir,المنستير,,,TN32,Centre East,الوسط الشرقي,,,TN3,Tunisie,,,,TN,2022-11-15,,v01,fr,ar,,,POINT (10.72258459699998 35.741946747999975)
3,Zeramdine,زرمدين,,,10.69497274,35.56441494,,,,,,Zeramdine,زرمدين,,,TN3254,Monastir,المنستير,,,TN32,Centre East,الوسط الشرقي,,,TN3,Tunisie,,,,TN,2022-11-15,,v01,fr,ar,,,POINT (10.694972736000011 35.56441493599999)
3,Beni Hassen,بني حسان,,,10.77838073,35.53502935,,,,,,Beni Hassen,بني حسان,,,TN3255,Monastir,المنستير,,,TN32,Centre East,الوسط الشرقي,,,TN3,Tunisie,,,,TN,2022-11-15,,v01,fr,ar,,,POINT (10.77838072999998 35.53502935099999)
3,Jammel,جمال,,,10.77325531,35.60671711,,,,,,Jammel,جمال,,,TN3256,Monastir,المنستير,,,TN32,Centre East,الوسط الشرقي,,,TN3,Tunisie,,,,TN,2022-11-15,,v01,fr,ar,,,POINT (10.773255307 35.60671711499998)
3,Bembla,بنبلة,,,10.7585481,35.68150803,,,,,,Bembla,بنبلة,,,TN3257,Monastir,المنستير,,,TN32,Centre East,الوسط الشرقي,,,TN3,Tunisie,,,,TN,2022-11-15,,v01,fr,ar,,,POINT (10.758548098999995 35.681508027999996)
3,Moknine,المكنين,,,10.87785753,35.53680325,,,,,,Moknine,المكنين,,,TN3258,Monastir,المنستير,,,TN32,Centre East,الوسط الشرقي,,,TN3,Tunisie,,,,TN,2022-11-15,,v01,fr,ar,,,POINT (10.877857526000014 35.53680324999999)
3,Bekalta,البقالطة,,,11.00993816,35.5966003,,,,,,Bekalta,البقالطة,,,TN3259,Monastir,المنستير,,,TN32,Centre East,الوسط الشرقي,,,TN3,Tunisie,,,,TN,2022-11-15,,v01,fr,ar,,,POINT (11.009938163000015 35.596600303)
3,Teboulba,طبلبة,,,10.96125119,35.63980231,,,,,,Teboulba,طبلبة,,,TN3260,Monastir,المنستير,,,TN32,Centre East,الوسط الشرقي,,,TN3,Tunisie,,,,TN,2022-11-15,,v01,fr,ar,,,POINT (10.961251187000016 35.639802307000025)
3,Ksar Hellal,قصر هلال,,,10.86979348,35.6374095,,,,,,Ksar Hellal,قصر هلال,,,TN3261,Monastir,المنستير,,,TN32,Centre East,الوسط الشرقي,,,TN3,Tunisie,,,,TN,2022-11-15,,v01,fr,ar,,,POINT (10.869793484000013 35.637409499)
3,Ksibet El Mediouni,قصيبة المديوني,,,10.81614473,35.64458546,,,,,,Ksibet El Mediouni,قصيبة المديوني,,,TN3262,Monastir,المنستير,,,TN32,Centre East,الوسط الشرقي,,,TN3,Tunisie,,,,TN,2022-11-15,,v01,fr,ar,,,POINT (10.816144731000009 35.64458546399999)
3,Sayada-Lamta-Bou Hjar,صيادة - لمطة - بوحجر,,,10.88621845,35.6672541,,,,,,Sayada-Lamta-Bou Hjar,صيادة - لمطة - بوحجر,,,TN3263,Monastir,المنستير,,,TN32,Centre East,الوسط الشرقي,,,TN3,Tunisie,,,,TN,2022-11-15,,v01,fr,ar,,,POINT (10.886218449000012 35.66725409700001)
3,Mahdia,المهدية,,,10.96268589,35.48768806,,,,,,Mahdia,المهدية,,,TN3351,Mahdia,المهدية,,,TN33,Centre East,الوسط الشرقي,,,TN3,Tunisie,,,,TN,2022-11-15,,v01,fr,ar,,,POINT (10.962685890999978 35.487688056000025)
3,Boumerdès,بومرداس,,,10.69654898,35.42431899,,,,,,Boumerdès,بومرداس,,,TN3352,Mahdia,المهدية,,,TN33,Centre East,الوسط الشرقي,,,TN3,Tunisie,,,,TN,2022-11-15,,v01,fr,ar,,,POINT (10.696548983000014 35.42431899000002)
3,Ouled Chamekh,أولاد شامخ,,,10.33924434,35.47809665,,,,,,Ouled Chamekh,أولاد شامخ,,,TN3353,Mahdia,المهدية,,,TN33,Centre East,الوسط الشرقي,,,TN3,Tunisie,,,,TN,2022-11-15,,v01,fr,ar,,,POINT (10.339244341999972 35.47809665)
3,Chorbane,شربان,,,10.43534304,35.22691807,,,,,,Chorbane,شربان,,,TN3354,Mahdia,المهدية,,,TN33,Centre East,الوسط الشرقي,,,TN3,Tunisie,,,,TN,2022-11-15,,v01,fr,ar,,,POINT (10.435343043999978 35.22691806900002)
3,Hbira,هبيرة,,,10.22640718,35.2775832,,,,,,Hbira,هبيرة,,,TN3355,Mahdia,المهدية,,,TN33,Centre East,الوسط الشرقي,,,TN3,Tunisie,,,,TN,2022-11-15,,v01,fr,ar,,,POINT (10.22640717600001 35.27758319999998)
3,Souassi,السواسي,,,10.50319365,35.34081133,,,,,,Souassi,السواسي,,,TN3356,Mahdia,المهدية,,,TN33,Centre East,الوسط الشرقي,,,TN3,Tunisie,,,,TN,2022-11-15,,v01,fr,ar,,,POINT (10.503193647999979 35.340811325999994)
3,El Jem,الجم,,,10.72427929,35.31584753,,,,,,El Jem,الجم,,,TN3357,Mahdia,المهدية,,,TN33,Centre East,الوسط الشرقي,,,TN3,Tunisie,,,,TN,2022-11-15,,v01,fr,ar,,,POINT (10.724279290000027 35.31584752600003)
3,Chebba,الشابة,,,11.06111603,35.224897,,,,,,Chebba,الشابة,,,TN3358,Mahdia,المهدية,,,TN33,Centre East,الوسط الشرقي,,,TN3,Tunisie,,,,TN,2022-11-15,,v01,fr,ar,,,POINT (11.061116034000008 35.224896994999995)
3,Melloulech,ملولش,,,10.98821703,35.18003874,,,,,,Melloulech,ملولش,,,TN3359,Mahdia,المهدية,,,TN33,Centre East,الوسط الشرقي,,,TN3,Tunisie,,,,TN,2022-11-15,,v01,fr,ar,,,POINT (10.988217028000008 35.180038744)
3,Sidi Alouane,سيدي علوان,,,10.89055667,35.28774526,,,,,,Sidi Alouane,سيدي علوان,,,TN3360,Mahdia,المهدية,,,TN33,Centre East,الوسط الشرقي,,,TN3,Tunisie,,,,TN,2022-11-15,,v01,fr,ar,,,POINT (10.890556667999988 35.28774525699998)
3,Ksour Essef,قصور الساف,,,10.99511969,35.35635043,,,,,,Ksour Essef,قصور الساف,,,TN3361,Mahdia,المهدية,,,TN33,Centre East,الوسط الشرقي,,,TN3,Tunisie,,,,TN,2022-11-15,,v01,fr,ar,,,POINT (10.995119688999978 35.35635043399998)
3,Sfax Médina,صفاقس المدينة,,,10.76344228,34.7331952,,,,,,Sfax Médina,صفاقس المدينة,,,TN3451,Sfax,صفاقس,,,TN34,Centre East,الوسط الشرقي,,,TN3,Tunisie,,,,TN,2022-11-15,,v01,fr,ar,,,POINT (10.763442279999992 34.73319520199999)
3,Sfax Ouest,صفاقس الغريبة,,,10.72175679,34.73515586,,,,,,Sfax Ouest,صفاقس الغريبة,,,TN3452,Sfax,صفاقس,,,TN34,Centre East,الوسط الشرقي,,,TN3,Tunisie,,,,TN,2022-11-15,,v01,fr,ar,,,POINT (10.721756792000008 34.735155865000024)
3,Sakiet Ezzit,ساقية الزيت,,,10.73997151,34.86032463,,,,,,Sakiet Ezzit,ساقية الزيت,,,TN3453,Sfax,صفاقس,,,TN34,Centre East,الوسط الشرقي,,,TN3,Tunisie,,,,TN,2022-11-15,,v01,fr,ar,,,POINT (10.739971508999986 34.86032462999998)
3,Sakiet Eddaier,ساقية الدائر,,,10.82974727,34.83648386,,,,,,Sakiet Eddaier,ساقية الدائر,,,TN3454,Sfax,صفاقس,,,TN34,Centre East,الوسط الشرقي,,,TN3,Tunisie,,,,TN,2022-11-15,,v01,fr,ar,,,POINT (10.829747266000027 34.83648385599997)
3,Sfax Sud,صفاقس الجنوبية,,,10.65911936,34.83368276,,,,,,Sfax Sud,صفاقس الجنوبية,,,TN3455,Sfax,صفاقس,,,TN34,Centre East,الوسط الشرقي,,,TN3,Tunisie,,,,TN,2022-11-15,,v01,fr,ar,,,POINT (10.659119364999981 34.83368275999999)
3,Thyna,طينة,,,10.68336588,34.6817095,,,,,,Thyna,طينة,,,TN3456,Sfax,صفاقس,,,TN34,Centre East,الوسط الشرقي,,,TN3,Tunisie,,,,TN,2022-11-15,,v01,fr,ar,,,POINT (10.683365877000028 34.68170949900002)
3,Agareb,عقارب,,,10.46034943,34.74480888,,,,,,Agareb,عقارب,,,TN3457,Sfax,صفاقس,,,TN34,Centre East,الوسط الشرقي,,,TN3,Tunisie,,,,TN,2022-11-15,,v01,fr,ar,,,POINT (10.460349432999976 34.74480887599998)
3,Jebeniana,جبنيانة,,,10.88963308,35.09400799,,,,,,Jebeniana,جبنيانة,,,TN3458,Sfax,صفاقس,,,TN34,Centre East,الوسط الشرقي,,,TN3,Tunisie,,,,TN,2022-11-15,,v01,fr,ar,,,POINT (10.889633085000014 35.094007992)
3,El Amra,العامرة,,,10.86073695,34.93615941,,,,,,El Amra,العامرة,,,TN3459,Sfax,صفاقس,,,TN34,Centre East,الوسط الشرقي,,,TN3,Tunisie,,,,TN,2022-11-15,,v01,fr,ar,,,POINT (10.860736945999975 34.93615940699999)
3,Hencha,الحنشة,,,10.71489345,35.08732284,,,,,,Hencha,الحنشة,,,TN3460,Sfax,صفاقس,,,TN34,Centre East,الوسط الشرقي,,,TN3,Tunisie,,,,TN,2022-11-15,,v01,fr,ar,,,POINT (10.714893449999977 35.087322841)
3,Menzel Chaker,منزل شاكر,,,10.38337903,35.02909922,,,,,,Menzel Chaker,منزل شاكر,,,TN3461,Sfax,صفاقس,,,TN34,Centre East,الوسط الشرقي,,,TN3,Tunisie,,,,TN,2022-11-15,,v01,fr,ar,,,POINT (10.383379027999979 35.02909922399999)
3,El Ghraiba,الغريبة,,,10.20076365,34.48491901,,,,,,El Ghraiba,الغريبة,,,TN3462,Sfax,صفاقس,,,TN34,Centre East,الوسط الشرقي,,,TN3,Tunisie,,,,TN,2022-11-15,,v01,fr,ar,,,POINT (10.200763654000014 34.48491901400001)
3,Bir Ali Ben Khélifa,بئر علي بن خليفة,,,10.11976176,34.76329638,,,,,,Bir Ali Ben Khélifa,بئر علي بن خليفة,,,TN3463,Sfax,صفاقس,,,TN34,Centre East,الوسط الشرقي,,,TN3,Tunisie,,,,TN,2022-11-15,,v01,fr,ar,,,POINT (10.119761765000021 34.76329637600003)
3,Skhira,الصخيرة,,,9.97053351,34.34530262,,,,,,Skhira,الصخيرة,,,TN3464,Sfax,صفاقس,,,TN34,Centre East,الوسط الشرقي,,,TN3,Tunisie,,,,TN,2022-11-15,,v01,fr,ar,,,POINT (9.970533505999981 34.345302616000026)
3,Mahres,المحرس,,,10.46421443,34.52832744,,,,,,Mahres,المحرس,,,TN3465,Sfax,صفاقس,,,TN34,Centre East,الوسط الشرقي,,,TN3,Tunisie,,,,TN,2022-11-15,,v01,fr,ar,,,POINT (10.464214432999995 34.52832744099999)
3,Kerkennah,قرقنة,,,11.03777065,34.643407,,,,,,Kerkennah,قرقنة,,,TN3466,Sfax,صفاقس,,,TN34,Centre East,الوسط الشرقي,,,TN3,Tunisie,,,,TN,2022-11-15,,v01,fr,ar,,,POINT (11.037770647000002 34.64340699600001)
3,Kairouan Nord,القيروان الشمالية,,,10.09261841,35.74265368,,,,,,Kairouan Nord,القيروان الشمالية,,,TN4151,Kairouan,القيروان,,,TN41,Centre West,الوسط الغربي,,,TN4,Tunisie,,,,TN,2022-11-15,,v01,fr,ar,,,POINT (10.09261841 35.74265368099998)
3,Kairouan Sud,القيروان الجنوبية,,,10.15938702,35.57633803,,,,,,Kairouan Sud,القيروان الجنوبية,,,TN4152,Kairouan,القيروان,,,TN41,Centre West,الوسط الغربي,,,TN4,Tunisie,,,,TN,2022-11-15,,v01,fr,ar,,,POINT (10.159387019999997 35.576338024999984)
3,Chebika,الشبيكة,,,9.92764933,35.65887244,,,,,,Chebika,الشبيكة,,,TN4153,Kairouan,القيروان,,,TN41,Centre West,الوسط الغربي,,,TN4,Tunisie,,,,TN,2022-11-15,,v01,fr,ar,,,POINT (9.927649327999973 35.658872436000024)
3,Sbikha,السبيخة,,,10.02598148,35.95098906,,,,,,Sbikha,السبيخة,,,TN4154,Kairouan,القيروان,,,TN41,Centre West,الوسط الغربي,,,TN4,Tunisie,,,,TN,2022-11-15,,v01,fr,ar,,,POINT (10.025981478999995 35.95098906099997)
3,Oueslatia,الوسلاتية,,,9.63111328,35.89336582,,,,,,Oueslatia,الوسلاتية,,,TN4155,Kairouan,القيروان,,,TN41,Centre West,الوسط الغربي,,,TN4,Tunisie,,,,TN,2022-11-15,,v01,fr,ar,,,POINT (9.631113276999997 35.89336582300001)
3,Haffouz,حفوز,,,9.73591571,35.61649856,,,,,,Haffouz,حفوز,,,TN4156,Kairouan,القيروان,,,TN41,Centre West,الوسط الغربي,,,TN4,Tunisie,,,,TN,2022-11-15,,v01,fr,ar,,,POINT (9.735915707999993 35.616498557)
3,Alaa,العلاء,,,9.48259407,35.62919793,,,,,,Alaa,العلاء,,,TN4157,Kairouan,القيروان,,,TN41,Centre West,الوسط الغربي,,,TN4,Tunisie,,,,TN,2022-11-15,,v01,fr,ar,,,POINT (9.482594069000015 35.629197933)
3,Hajeb El Ayoun,حاجب العيون,,,9.59947577,35.41660296,,,,,,Hajeb El Ayoun,حاجب العيون,,,TN4158,Kairouan,القيروان,,,TN41,Centre West,الوسط الغربي,,,TN4,Tunisie,,,,TN,2022-11-15,,v01,fr,ar,,,POINT (9.599475772999995 35.41660295600002)
3,Nasrallah,نصر اللّه,,,9.81266761,35.33767325,,,,,,Nasrallah,نصر اللّه,,,TN4159,Kairouan,القيروان,,,TN41,Centre West,الوسط الغربي,,,TN4,Tunisie,,,,TN,2022-11-15,,v01,fr,ar,,,POINT (9.81266761400002 35.33767325000002)
3,Chrarda,الشراردة,,,10.1051927,35.15057191,,,,,,Chrarda,الشراردة,,,TN4160,Kairouan,القيروان,,,TN41,Centre West,الوسط الغربي,,,TN4,Tunisie,,,,TN,2022-11-15,,v01,fr,ar,,,POINT (10.105192697999996 35.15057190700003)
3,Bouhajla,بوحجلة,,,10.04219578,35.38307695,,,,,,Bouhajla,بوحجلة,,,TN4161,Kairouan,القيروان,,,TN41,Centre West,الوسط الغربي,,,TN4,Tunisie,,,,TN,2022-11-15,,v01,fr,ar,,,POINT (10.042195778000007 35.38307695499998)
3,Kasserine Nord,القصرين الشمالية,,,8.76988714,35.21578591,,,,,,Kasserine Nord,القصرين الشمالية,,,TN4251,Kassérine,القصرين,,,TN42,Centre West,الوسط الغربي,,,TN4,Tunisie,,,,TN,2022-11-15,,v01,fr,ar,,,POINT (8.769887141000027 35.215785912)
3,Kasserine Sud,القصرين الجنوبية,,,8.79065127,35.09786841,,,,,,Kasserine Sud,القصرين الجنوبية,,,TN4252,Kassérine,القصرين,,,TN42,Centre West,الوسط الغربي,,,TN4,Tunisie,,,,TN,2022-11-15,,v01,fr,ar,,,POINT (8.790651267999976 35.097868405999975)
3,Ezzouhour,الزهور,,,8.83077981,35.15881205,,,,,,Ezzouhour,الزهور,,,TN4253,Kassérine,القصرين,,,TN42,Centre West,الوسط الغربي,,,TN4,Tunisie,,,,TN,2022-11-15,,v01,fr,ar,,,POINT (8.830779807999988 35.15881205199997)
3,Hassi El Ferid,حاسي الفريد,,,8.91025045,34.96267984,,,,,,Hassi El Ferid,حاسي الفريد,,,TN4254,Kassérine,القصرين,,,TN42,Centre West,الوسط الغربي,,,TN4,Tunisie,,,,TN,2022-11-15,,v01,fr,ar,,,POINT (8.910250449999978 34.96267984399998)
3,Sbeitla,سبيطلة,,,9.05779248,35.24214293,,,,,,Sbeitla,سبيطلة,,,TN4255,Kassérine,القصرين,,,TN42,Centre West,الوسط الغربي,,,TN4,Tunisie,,,,TN,2022-11-15,,v01,fr,ar,,,POINT (9.057792479 35.24214293199998)
3,Sbiba,سبيبة,,,9.16933877,35.49605282,,,,,,Sbiba,سبيبة,,,TN4256,Kassérine,القصرين,,,TN42,Centre West,الوسط الغربي,,,TN4,Tunisie,,,,TN,2022-11-15,,v01,fr,ar,,,POINT (9.169338767999989 35.49605281999999)
3,Jedeliane,جدليان,,,8.8863631,35.65703618,,,,,,Jedeliane,جدليان,,,TN4257,Kassérine,القصرين,,,TN42,Centre West,الوسط الغربي,,,TN4,Tunisie,,,,TN,2022-11-15,,v01,fr,ar,,,POINT (8.886363096000025 35.65703617899999)
3,Ayoun,العيون,,,8.90936122,35.48989943,,,,,,Ayoun,العيون,,,TN4258,Kassérine,القصرين,,,TN42,Centre West,الوسط الغربي,,,TN4,Tunisie,,,,TN,2022-11-15,,v01,fr,ar,,,POINT (8.909361223000019 35.489899433000005)
3,Thala,تالة,,,8.66070548,35.57671385,,,,,,Thala,تالة,,,TN4259,Kassérine,القصرين,,,TN42,Centre West,الوسط الغربي,,,TN4,Tunisie,,,,TN,2022-11-15,,v01,fr,ar,,,POINT (8.660705484000005 35.576713853)
3,Hidra,حيدرة,,,8.46685708,35.54079882,,,,,,Hidra,حيدرة,,,TN4260,Kassérine,القصرين,,,TN42,Centre West,الوسط الغربي,,,TN4,Tunisie,,,,TN,2022-11-15,,v01,fr,ar,,,POINT (8.466857076999986 35.54079882299999)
3,Foussana,فوسانة,,,8.56584108,35.34079749,,,,,,Foussana,فوسانة,,,TN4261,Kassérine,القصرين,,,TN42,Centre West,الوسط الغربي,,,TN4,Tunisie,,,,TN,2022-11-15,,v01,fr,ar,,,POINT (8.565841076000027 35.34079749)
3,Feriana,فريانة,,,8.44992289,35.03021087,,,,,,Feriana,فريانة,,,TN4262,Kassérine,القصرين,,,TN42,Centre West,الوسط الغربي,,,TN4,Tunisie,,,,TN,2022-11-15,,v01,fr,ar,,,POINT (8.449922887000014 35.03021086799998)
3,Majel Belabbes,ماجل بلعباس,,,8.55077207,34.76401021,,,,,,Majel Belabbes,ماجل بلعباس,,,TN4263,Kassérine,القصرين,,,TN42,Centre West,الوسط الغربي,,,TN4,Tunisie,,,,TN,2022-11-15,,v01,fr,ar,,,POINT (8.550772067000025 34.764010208)
3,Sidi Bouzid Ouest,سيدي بوزيد الغربية,,,9.41296118,34.98576128,,,,,,Sidi Bouzid Ouest,سيدي بوزيد الغربية,,,TN4351,Sidi Bou Zid,سيدي بوزيد,,,TN43,Centre West,الوسط الغربي,,,TN4,Tunisie,,,,TN,2022-11-15,,v01,fr,ar,,,POINT (9.41296117600001 34.98576128299999)
3,Sidi Bouzid Est,سيدي بوزيد الشرقية,,,9.60452269,35.07232939,,,,,,Sidi Bouzid Est,سيدي بوزيد الشرقية,,,TN4352,Sidi Bou Zid,سيدي بوزيد,,,TN43,Centre West,الوسط الغربي,,,TN4,Tunisie,,,,TN,2022-11-15,,v01,fr,ar,,,POINT (9.604522687999975 35.07232939300002)
3,Jelma,جلمة,,,9.39451025,35.32942675,,,,,,Jelma,جلمة,,,TN4353,Sidi Bou Zid,سيدي بوزيد,,,TN43,Centre West,الوسط الغربي,,,TN4,Tunisie,,,,TN,2022-11-15,,v01,fr,ar,,,POINT (9.39451025400001 35.32942675100003)
3,Sabalat Ouled Asker,سبالة أولاد عسكر,,,9.31273826,35.22836674,,,,,,Sabalat Ouled Asker,سبالة أولاد عسكر,,,TN4354,Sidi Bou Zid,سيدي بوزيد,,,TN43,Centre West,الوسط الغربي,,,TN4,Tunisie,,,,TN,2022-11-15,,v01,fr,ar,,,POINT (9.312738259000014 35.22836673699999)
3,Bir El Hfay,بئر الحفي,,,9.28437663,34.87419259,,,,,,Bir El Hfay,بئر الحفي,,,TN4355,Sidi Bou Zid,سيدي بوزيد,,,TN43,Centre West,الوسط الغربي,,,TN4,Tunisie,,,,TN,2022-11-15,,v01,fr,ar,,,POINT (9.284376628000018 34.87419258699998)
3,Sidi Ali Ben Aoun,سيدي علي بن عون,,,9.09979232,34.82336654,,,,,,Sidi Ali Ben Aoun,سيدي علي بن عون,,,TN4356,Sidi Bou Zid,سيدي بوزيد,,,TN43,Centre West,الوسط الغربي,,,TN4,Tunisie,,,,TN,2022-11-15,,v01,fr,ar,,,POINT (9.09979232500001 34.82336654400001)
3,Menzel Bouzaiene,منزل بوزيان,,,9.38720972,34.6285044,,,,,,Menzel Bouzaiene,منزل بوزيان,,,TN4357,Sidi Bou Zid,سيدي بوزيد,,,TN43,Centre West,الوسط الغربي,,,TN4,Tunisie,,,,TN,2022-11-15,,v01,fr,ar,,,POINT (9.387209723000012 34.62850439499999)
3,Meknassi,المكناسي,,,9.66263792,34.63557401,,,,,,Meknassi,المكناسي,,,TN4358,Sidi Bou Zid,سيدي بوزيد,,,TN43,Centre West,الوسط الغربي,,,TN4,Tunisie,,,,TN,2022-11-15,,v01,fr,ar,,,POINT (9.662637921999988 34.635574012000006)
3,Souk Jedid,سوق الجديد,,,9.54903339,34.86709245,,,,,,Souk Jedid,سوق الجديد,,,TN4359,Sidi Bou Zid,سيدي بوزيد,,,TN43,Centre West,الوسط الغربي,,,TN4,Tunisie,,,,TN,2022-11-15,,v01,fr,ar,,,POINT (9.549033387000009 34.867092445000026)
3,Mazzouna,المزونة,,,9.68983465,34.46276272,,,,,,Mazzouna,المزونة,,,TN4360,Sidi Bou Zid,سيدي بوزيد,,,TN43,Centre West,الوسط الغربي,,,TN4,Tunisie,,,,TN,2022-11-15,,v01,fr,ar,,,POINT (9.689834646999998 34.46276271800002)
3,Regueb,الرقاب,,,9.80156282,34.85419178,,,,,,Regueb,الرقاب,,,TN4361,Sidi Bou Zid,سيدي بوزيد,,,TN43,Centre West,الوسط الغربي,,,TN4,Tunisie,,,,TN,2022-11-15,,v01,fr,ar,,,POINT (9.80156281699999 34.85419178400002)
3,Ouled Haffouz,أولاد حفوز,,,9.86073322,35.09971112,,,,,,Ouled Haffouz,أولاد حفوز,,,TN4362,Sidi Bou Zid,سيدي بوزيد,,,TN43,Centre West,الوسط الغربي,,,TN4,Tunisie,,,,TN,2022-11-15,,v01,fr,ar,,,POINT (9.860733223000011 35.099711121999974)
3,Gabès Médina,قابس المدينة,,,10.09519438,33.90385931,,,,,,Gabès Médina,قابس المدينة,,,TN5151,Gabès,قابس,,,TN51,South East,الجنوب الشرقي,,,TN5,Tunisie,,,,TN,2022-11-15,,v01,fr,ar,,,POINT (10.095194375000005 33.90385931200001)
3,Gabès Ouest,قابس الغربية,,,9.99809613,33.87804328,,,,,,Gabès Ouest,قابس الغربية,,,TN5152,Gabès,قابس,,,TN51,South East,الجنوب الشرقي,,,TN5,Tunisie,,,,TN,2022-11-15,,v01,fr,ar,,,POINT (9.998096128999975 33.878043280999975)
3,Gabès Sud,قابس الجنوبية,,,10.0525453,33.77953621,,,,,,Gabès Sud,قابس الجنوبية,,,TN5153,Gabès,قابس,,,TN51,South East,الجنوب الشرقي,,,TN5,Tunisie,,,,TN,2022-11-15,,v01,fr,ar,,,POINT (10.052545296000005 33.77953621400002)
3,Ghannouch,غنوش,,,10.05442872,33.94781641,,,,,,Ghannouch,غنوش,,,TN5154,Gabès,قابس,,,TN51,South East,الجنوب الشرقي,,,TN5,Tunisie,,,,TN,2022-11-15,,v01,fr,ar,,,POINT (10.054428719999976 33.94781641100002)
3,Metouia,المطوية,,,9.95185115,34.06137965,,,,,,Metouia,المطوية,,,TN5155,Gabès,قابس,,,TN51,South East,الجنوب الشرقي,,,TN5,Tunisie,,,,TN,2022-11-15,,v01,fr,ar,,,POINT (9.951851146000024 34.061379647000024)
3,Menzel Habib,منزل الحبيب,,,9.58828403,34.15372612,,,,,,Menzel Habib,منزل الحبيب,,,TN5156,Gabès,قابس,,,TN51,South East,الجنوب الشرقي,,,TN5,Tunisie,,,,TN,2022-11-15,,v01,fr,ar,,,POINT (9.588284030000011 34.153726119)
3,Hamma,الحامة,,,9.59308365,33.86020252,,,,,,Hamma,الحامة,,,TN5157,Gabès,قابس,,,TN51,South East,الجنوب الشرقي,,,TN5,Tunisie,,,,TN,2022-11-15,,v01,fr,ar,,,POINT (9.593083649999983 33.86020251999997)
3,Matmata,مطماطة,,,9.80770432,33.46631229,,,,,,Matmata,مطماطة,,,TN5158,Gabès,قابس,,,TN51,South East,الجنوب الشرقي,,,TN5,Tunisie,,,,TN,2022-11-15,,v01,fr,ar,,,POINT (9.807704317000002 33.46631229399998)
3,Matmata Nouvelle,مطماطة الجديدة,,,10.00948301,33.61714535,,,,,,Matmata Nouvelle,مطماطة الجديدة,,,TN5159,Gabès,قابس,,,TN51,South East,الجنوب الشرقي,,,TN5,Tunisie,,,,TN,2022-11-15,,v01,fr,ar,,,POINT (10.009483009000007 33.61714534599997)
3,Mareth,مارث,,,10.25460717,33.55876581,,,,,,Mareth,مارث,,,TN5160,Gabès,قابس,,,TN51,South East,الجنوب الشرقي,,,TN5,Tunisie,,,,TN,2022-11-15,,v01,fr,ar,,,POINT (10.25460717499999 33.558765807999976)
3,Médenine Nord,مدنين الشمالية,,,10.39271425,33.36360782,,,,,,Médenine Nord,مدنين الشمالية,,,TN5251,Médenine,مدنين,,,TN52,South East,الجنوب الشرقي,,,TN5,Tunisie,,,,TN,2022-11-15,,v01,fr,ar,,,POINT (10.392714247000015 33.363607822000006)
3,Médenine Sud,مدنين الجنوبية,,,10.65401647,33.41907932,,,,,,Médenine Sud,مدنين الجنوبية,,,TN5252,Médenine,مدنين,,,TN52,South East,الجنوب الشرقي,,,TN5,Tunisie,,,,TN,2022-11-15,,v01,fr,ar,,,POINT (10.654016472000023 33.41907931700001)
3,Beni Khedache,بني خداش,,,10.09646008,33.24049565,,,,,,Beni Khedache,بني خداش,,,TN5253,Médenine,مدنين,,,TN52,South East,الجنوب الشرقي,,,TN5,Tunisie,,,,TN,2022-11-15,,v01,fr,ar,,,POINT (10.096460074999982 33.240495650000014)
3,Ben Guerdane,بنقردان,,,11.30293377,32.82211509,,,,,,Ben Guerdane,بنقردان,,,TN5254,Médenine,مدنين,,,TN52,South East,الجنوب الشرقي,,,TN5,Tunisie,,,,TN,2022-11-15,,v01,fr,ar,,,POINT (11.302933764999977 32.822115086999986)
3,Zarzis,جرجيس,,,10.93521386,33.46437018,,,,,,Zarzis,جرجيس,,,TN5255,Médenine,مدنين,,,TN52,South East,الجنوب الشرقي,,,TN5,Tunisie,,,,TN,2022-11-15,,v01,fr,ar,,,POINT (10.935213858999987 33.46437017699998)
3,Houmt Souk,جربة حومة السوق,,,10.86718616,33.85030144,,,,,,Houmt Souk,جربة حومة السوق,,,TN5256,Médenine,مدنين,,,TN52,South East,الجنوب الشرقي,,,TN5,Tunisie,,,,TN,2022-11-15,,v01,fr,ar,,,POINT (10.867186159000028 33.850301444000024)
3,Djerba Midoun,جربة ميدون,,,10.9513388,33.76462773,,,,,,Djerba Midoun,جربة ميدون,,,TN5257,Médenine,مدنين,,,TN52,South East,الجنوب الشرقي,,,TN5,Tunisie,,,,TN,2022-11-15,,v01,fr,ar,,,POINT (10.951338797000005 33.76462772899998)
3,Djerba Ajim,جربة أجيم,,,10.80130431,33.73946699,,,,,,Djerba Ajim,جربة أجيم,,,TN5258,Médenine,مدنين,,,TN52,South East,الجنوب الشرقي,,,TN5,Tunisie,,,,TN,2022-11-15,,v01,fr,ar,,,POINT (10.801304308999988 33.739466987000014)
3,Sidi Makhlouf,سيدي مخلوف,,,10.47963487,33.54086346,,,,,,Sidi Makhlouf,سيدي مخلوف,,,TN5259,Médenine,مدنين,,,TN52,South East,الجنوب الشرقي,,,TN5,Tunisie,,,,TN,2022-11-15,,v01,fr,ar,,,POINT (10.479634868000005 33.54086345500002)
3,Tataouine Nord,تطاوين الشمالية,,,10.62324471,32.70343721,,,,,,Tataouine Nord,تطاوين الشمالية,,,TN5351,Tataouine,تطاوين,,,TN53,South East,الجنوب الشرقي,,,TN5,Tunisie,,,,TN,2022-11-15,,v01,fr,ar,,,POINT (10.62324470499999 32.703437210000004)
3,Tataouine Sud,تطاوين الجنوبية,,,10.18712275,32.77869378,,,,,,Tataouine Sud,تطاوين الجنوبية,,,TN5352,Tataouine,تطاوين,,,TN53,South East,الجنوب الشرقي,,,TN5,Tunisie,,,,TN,2022-11-15,,v01,fr,ar,,,POINT (10.187122752999983 32.778693781000015)
3,Samar,الصمار,,,10.97329387,32.70343721,,,,,,Samar,الصمار,,,TN5353,Tataouine,تطاوين,,,TN53,South East,الجنوب الشرقي,,,TN5,Tunisie,,,,TN,2022-11-15,,v01,fr,ar,,,POINT (10.973293868999974 32.703437210000004)
3,Bir Lahmar,بئر الأحمر,,,10.43927359,33.14441082,,,,,,Bir Lahmar,بئر الأحمر,,,TN5354,Tataouine,تطاوين,,,TN53,South East,الجنوب الشرقي,,,TN5,Tunisie,,,,TN,2022-11-15,,v01,fr,ar,,,POINT (10.439273594999975 33.144410816999994)
3,Ghomrassen,غمراسن,,,10.20875685,33.04624207,,,,,,Ghomrassen,غمراسن,,,TN5355,Tataouine,تطاوين,,,TN53,South East,الجنوب الشرقي,,,TN5,Tunisie,,,,TN,2022-11-15,,v01,fr,ar,,,POINT (10.208756853000011 33.04624207299997)
3,Dhiba,ذهيبة,,,10.47039035,31.97009,,,,,,Dhiba,ذهيبة,,,TN5356,Tataouine,تطاوين,,,TN53,South East,الجنوب الشرقي,,,TN5,Tunisie,,,,TN,2022-11-15,,v01,fr,ar,,,POINT (10.470390349000013 31.970089996000013)
3,Remada,رمادة,,,9.65261911,31.54837644,,,,,,Remada,رمادة,,,TN5357,Tataouine,تطاوين,,,TN53,South East,الجنوب الشرقي,,,TN5,Tunisie,,,,TN,2022-11-15,,v01,fr,ar,,,POINT (9.65261910800001 31.548376441000016)
3,Gafsa Nord,قفصة الشمالية,,,8.8632766,34.57708505,,,,,,Gafsa Nord,قفصة الشمالية,,,TN6151,Gafsa,قفصة,,,TN61,South West,الجنوب الغربي,,,TN6,Tunisie,,,,TN,2022-11-15,,v01,fr,ar,,,POINT (8.863276598000027 34.577085049999994)
3,Sidi Aich,سيدي عيش,,,8.82109051,34.6940748,,,,,,Sidi Aich,سيدي عيش,,,TN6152,Gafsa,قفصة,,,TN61,South West,الجنوب الغربي,,,TN6,Tunisie,,,,TN,2022-11-15,,v01,fr,ar,,,POINT (8.821090511000023 34.694074801)
3,Ksar,القصر,,,8.91860157,34.41212051,,,,,,Ksar,القصر,,,TN6153,Gafsa,قفصة,,,TN61,South West,الجنوب الغربي,,,TN6,Tunisie,,,,TN,2022-11-15,,v01,fr,ar,,,POINT (8.91860157100001 34.41212051399998)
3,Gafsa Sud,قفصة الجنوبية,,,8.67669942,34.44377161,,,,,,Gafsa Sud,قفصة الجنوبية,,,TN6154,Gafsa,قفصة,,,TN61,South West,الجنوب الغربي,,,TN6,Tunisie,,,,TN,2022-11-15,,v01,fr,ar,,,POINT (8.676699421000023 34.44377161199998)
3,Oum Larais,أم العرائس,,,8.344887,34.56678158,,,,,,Oum Larais,أم العرائس,,,TN6155,Gafsa,قفصة,,,TN61,South West,الجنوب الغربي,,,TN6,Tunisie,,,,TN,2022-11-15,,v01,fr,ar,,,POINT (8.344887002000007 34.56678157499999)
3,Redeyef,الرديف,,,8.13309149,34.35324686,,,,,,Redeyef,الرديف,,,TN6156,Gafsa,قفصة,,,TN61,South West,الجنوب الغربي,,,TN6,Tunisie,,,,TN,2022-11-15,,v01,fr,ar,,,POINT (8.133091487000002 34.35324685900002)
3,Metlaoui,المتلوي,,,8.31197228,34.23497726,,,,,,Metlaoui,المتلوي,,,TN6157,Gafsa,قفصة,,,TN61,South West,الجنوب الغربي,,,TN6,Tunisie,,,,TN,2022-11-15,,v01,fr,ar,,,POINT (8.311972278999974 34.23497726400001)
3,Mdhilla,المضيلة,,,8.69715667,34.20099882,,,,,,Mdhilla,المضيلة,,,TN6158,Gafsa,قفصة,,,TN61,South West,الجنوب الغربي,,,TN6,Tunisie,,,,TN,2022-11-15,,v01,fr,ar,,,POINT (8.697156672999995 34.200998825)
3,Guetar,القطار,,,8.965877,34.27165863,,,,,,Guetar,القطار,,,TN6159,Gafsa,قفصة,,,TN61,South West,الجنوب الغربي,,,TN6,Tunisie,,,,TN,2022-11-15,,v01,fr,ar,,,POINT (8.96587699700001 34.271658634000005)
3,Belkhir,بلخير,,,9.41814542,34.33522583,,,,,,Belkhir,بلخير,,,TN6160,Gafsa,قفصة,,,TN61,South West,الجنوب الغربي,,,TN6,Tunisie,,,,TN,2022-11-15,,v01,fr,ar,,,POINT (9.418145418999984 34.33522583000001)
3,Sened,السند,,,9.16763564,34.54331736,,,,,,Sened,السند,,,TN6161,Gafsa,قفصة,,,TN61,South West,الجنوب الغربي,,,TN6,Tunisie,,,,TN,2022-11-15,,v01,fr,ar,,,POINT (9.16763563500001 34.54331736)
3,Tozeur,توزر,,,8.11182516,33.91348287,,,,,,Tozeur,توزر,,,TN6251,Tozeur,توزر,,,TN62,South West,الجنوب الغربي,,,TN6,Tunisie,,,,TN,2022-11-15,,v01,fr,ar,,,POINT (8.111825163999981 33.913482870999985)
3,Degueche,دقاش,,,8.36671028,34.03386544,,,,,,Degueche,دقاش,,,TN6252,Tozeur,توزر,,,TN62,South West,الجنوب الغربي,,,TN6,Tunisie,,,,TN,2022-11-15,,v01,fr,ar,,,POINT (8.366710278000028 34.033865436999974)
3,Tamaghza,تمغزة,,,7.89113982,34.29030034,,,,,,Tamaghza,تمغزة,,,TN6253,Tozeur,توزر,,,TN62,South West,الجنوب الغربي,,,TN6,Tunisie,,,,TN,2022-11-15,,v01,fr,ar,,,POINT (7.891139817999999 34.29030033700002)
3,Nefta,نفطة,,,7.87245171,33.82049163,,,,,,Nefta,نفطة,,,TN6254,Tozeur,توزر,,,TN62,South West,الجنوب الغربي,,,TN6,Tunisie,,,,TN,2022-11-15,,v01,fr,ar,,,POINT (7.872451706999982 33.820491629)
3,Hazoua,حزوة,,,7.64937208,33.76641627,,,,,,Hazoua,حزوة,,,TN6255,Tozeur,توزر,,,TN62,South West,الجنوب الغربي,,,TN6,Tunisie,,,,TN,2022-11-15,,v01,fr,ar,,,POINT (7.6493720770000095 33.766416271000026)
3,Kebili Sud,قبلي الجنوبية,,,9.21173126,33.61797056,,,,,,Kebili Sud,قبلي الجنوبية,,,TN6351,Kebili,قبلي,,,TN63,South West,الجنوب الغربي,,,TN6,Tunisie,,,,TN,2022-11-15,,v01,fr,ar,,,POINT (9.21173126399998 33.617970558000025)
3,Kebili Nord,قبلي الشمالية,,,9.16919538,33.86905628,,,,,,Kebili Nord,قبلي الشمالية,,,TN6352,Kebili,قبلي,,,TN63,South West,الجنوب الغربي,,,TN6,Tunisie,,,,TN,2022-11-15,,v01,fr,ar,,,POINT (9.169195381000009 33.869056278000016)
3,Souk El Ahed,سوق الأحد,,,8.80244863,33.90598889,,,,,,Souk El Ahed,سوق الأحد,,,TN6353,Kebili,قبلي,,,TN63,South West,الجنوب الغربي,,,TN6,Tunisie,,,,TN,2022-11-15,,v01,fr,ar,,,POINT (8.802448629000025 33.90598888599999)
3,Douz Nord,دوز الشمالية,,,9.59921421,33.20279283,,,,,,Douz Nord,دوز الشمالية,,,TN6354,Kebili,قبلي,,,TN63,South West,الجنوب الغربي,,,TN6,Tunisie,,,,TN,2022-11-15,,v01,fr,ar,,,POINT (9.59921420500001 33.20279283299999)
3,Douz Sud,دوز الجنوبية,,,9.14556174,33.07044601,,,,,,Douz Sud,دوز الجنوبية,,,TN6355,Kebili,قبلي,,,TN63,South West,الجنوب الغربي,,,TN6,Tunisie,,,,TN,2022-11-15,,v01,fr,ar,,,POINT (9.14556173599999 33.07044601199999)
3,Faouar,فوار,,,8.41668431,33.14507346,,,,,,Faouar,فوار,,,TN6356,Kebili,قبلي,,,TN63,South West,الجنوب الغربي,,,TN6,Tunisie,,,,TN,2022-11-15,,v01,fr,ar,,,POINT (8.416684309000004 33.14507346099998)
